"Region","District","Ward","Village","Population","matchWard","DW","matchVillage","DWV"
"Kaskazini Pemba","Wete","Kipangani","Kipangani Juu",1896,"Kipangani","Wete Kipangani","Kipangani Juu","Wete Kipangani kipangani juu"
"Kaskazini Pemba","Wete","Kipangani","Kipangani Chini",2345,"Kipangani","Wete Kipangani","Kipangani Chini","Wete Kipangani kipangani chini"
"Kaskazini Pemba","Wete","Mtambwe Kaskazini","Nyali",1055,"Mtambwe Kaskazini","Wete Mtambwe Kaskazini","Nyali","Wete Mtambwe Kaskazini nyali"
"Kaskazini Pemba","Wete","Mtambwe Kaskazini","Uwondwe",866,"Mtambwe Kaskazini","Wete Mtambwe Kaskazini","Uwondwe","Wete Mtambwe Kaskazini uwondwe"
"Kaskazini Pemba","Wete","Mtambwe Kaskazini","Chanjaani",714,"Mtambwe Kaskazini","Wete Mtambwe Kaskazini","Chanjaani","Wete Mtambwe Kaskazini chanjaani"
"Kaskazini Pemba","Wete","Mtambwe Kaskazini","Kiapaka",683,"Mtambwe Kaskazini","Wete Mtambwe Kaskazini","Kiapaka","Wete Mtambwe Kaskazini kiapaka"
"Kaskazini Pemba","Wete","Mtambwe Kaskazini","Mpaka Njia",761,"Mtambwe Kaskazini","Wete Mtambwe Kaskazini","Mpaka Njia","Wete Mtambwe Kaskazini mpaka njia"
"Kaskazini Pemba","Wete","Mtambwe Kaskazini","Kidundo",651,"Mtambwe Kaskazini","Wete Mtambwe Kaskazini","Kidundo","Wete Mtambwe Kaskazini kidundo"
"Kaskazini Pemba","Wete","Mtambwe Kaskazini","Mtambwe Mkuu",282,"Mtambwe Kaskazini","Wete Mtambwe Kaskazini","Mtambwe Mkuu","Wete Mtambwe Kaskazini mtambwe mkuu"
"Kaskazini Pemba","Wete","Mtambwe Kaskazini","Jambaji",405,"Mtambwe Kaskazini","Wete Mtambwe Kaskazini","Jambaji","Wete Mtambwe Kaskazini jambaji"
"Kaskazini Pemba","Wete","Fundo","Kimeleyani",573,"Fundo","Wete Fundo","Kimeleyani","Wete Fundo kimeleyani"
"Kaskazini Pemba","Wete","Fundo","Ndooni",332,"Fundo","Wete Fundo","Ndooni","Wete Fundo ndooni"
"Kaskazini Pemba","Wete","Fundo","Chumbuni",419,"Fundo","Wete Fundo","Chumbuni","Wete Fundo chumbuni"
"Kaskazini Pemba","Wete","Fundo","Mabaoni",139,"Fundo","Wete Fundo","Mabaoni","Wete Fundo mabaoni"
"Kaskazini Pemba","Wete","Fundo","Uvinje",162,"Fundo","Wete Fundo","Uvinje","Wete Fundo uvinje"
"Kaskazini Pemba","Wete","Mchanga Mdogo","Kitambuu",957,"Mchanga Mdogo","Wete Mchanga Mdogo","Kitambuu","Wete Mchanga Mdogo kitambuu"
"Kaskazini Pemba","Wete","Mchanga Mdogo","Kiwani",503,"Mchanga Mdogo","Wete Mchanga Mdogo","Kiwani","Wete Mchanga Mdogo kiwani"
"Kaskazini Pemba","Wete","Mchanga Mdogo","Mchanga Mdogo",1328,"Mchanga Mdogo","Wete Mchanga Mdogo","Mchanga Mdogo","Wete Mchanga Mdogo mchanga mdogo"
"Kaskazini Pemba","Wete","Mchanga Mdogo","Gombe Ume",492,"Mchanga Mdogo","Wete Mchanga Mdogo","Gombeume","Wete Mchanga Mdogo gombeume"
"Kaskazini Pemba","Wete","Kambini","Kambini",1438,"Kambini","Wete Kambini","Kambini","Wete Kambini kambini"
"Kaskazini Pemba","Wete","Kambini","Majenzi",1209,"Kambini","Wete Kambini","Majenzi","Wete Kambini majenzi"
"Kaskazini Pemba","Wete","Kambini","Hindi",697,"Kambini","Wete Kambini","Hindi","Wete Kambini hindi"
"Kaskazini Pemba","Wete","Kojani","Kojani",1386,"Kojani","Wete Kojani","Kojani","Wete Kojani kojani"
"Kaskazini Pemba","Wete","Kojani","Mji Mpya",412,"Kojani","Wete Kojani","Mji Mpya","Wete Kojani mji mpya"
"Kaskazini Pemba","Wete","Kojani","Makaani",560,"Kojani","Wete Kojani","Makaani","Wete Kojani makaani"
"Kaskazini Pemba","Wete","Ole","Kianga",2366,"Ole","Wete Ole","Kianga","Wete Ole kianga"
"Kaskazini Pemba","Wete","Ole","Ole",2765,"Ole","Wete Ole","Ole","Wete Ole ole"
"Kaskazini Pemba","Wete","Ole","Jonwe",1107,"Ole","Wete Ole","Jonwe","Wete Ole jonwe"
"Kaskazini Pemba","Wete","Ole","Kanambe",780,"Ole","Wete Ole","Kanambe","Wete Ole kanambe"
"Kaskazini Pemba","Wete","Kangagani","Kangagani",2003,"Kangagani","Wete Kangagani","Kangagani","Wete Kangagani kangagani"
"Kaskazini Pemba","Wete","Kangagani","Majenzi",1132,"Kangagani","Wete Kangagani","Majenzi","Wete Kangagani majenzi"
"Kaskazini Pemba","Wete","Kiuyu Minungwini","Penjewani",534,"Kiuyu Minungwini","Wete Kiuyu Minungwini","Penjewani","Wete Kiuyu Minungwini penjewani"
"Kaskazini Pemba","Wete","Kiuyu Minungwini","Mjini Kiuyu",735,"Kiuyu Minungwini","Wete Kiuyu Minungwini","Mjini Kiuyu","Wete Kiuyu Minungwini mjini kiuyu"
"Kaskazini Pemba","Wete","Kiuyu Minungwini","Maungweni",528,"Kiuyu Minungwini","Wete Kiuyu Minungwini","Maungweni","Wete Kiuyu Minungwini maungweni"
"Kaskazini Pemba","Wete","Kiuyu Minungwini","Koongo",1336,"Kiuyu Minungwini","Wete Kiuyu Minungwini","Koongo","Wete Kiuyu Minungwini koongo"
"Kaskazini Pemba","Wete","Piki","Bahanasa",810,"Piki","Wete Piki","Bahanasa","Wete Piki bahanasa"
"Kaskazini Pemba","Wete","Piki","Piki",1362,"Piki","Wete Piki","Piki","Wete Piki piki"
"Kaskazini Pemba","Wete","Piki","Bwagamoyo",1102,"Piki","Wete Piki","Bwagamoyo","Wete Piki bwagamoyo"
"Kaskazini Pemba","Wete","Kisiwani","Shangafu",1367,"Kisiwani","Wete Kisiwani","Shangafu","Wete Kisiwani shangafu"
"Kaskazini Pemba","Wete","Kisiwani","Kisiwani",1869,"Kisiwani","Wete Kisiwani","Kisiwani","Wete Kisiwani kisiwani"
"Kaskazini Pemba","Wete","Gando","Chaoni",217,"Gando","Wete Gando","Chaoni","Wete Gando chaoni"
"Kaskazini Pemba","Wete","Gando","Gando",695,"Gando","Wete Gando","Gando","Wete Gando gando"
"Kaskazini Pemba","Wete","Gando","Magogoni",720,"Gando","Wete Gando","Magogoni","Wete Gando magogoni"
"Kaskazini Pemba","Wete","Gando","Nduuni",578,"Gando","Wete Gando","Nduuni","Wete Gando nduuni"
"Kaskazini Pemba","Wete","Ukunjwi","Raha",591,"Ukunjwi","Wete Ukunjwi","Raha","Wete Ukunjwi raha"
"Kaskazini Pemba","Wete","Ukunjwi","Minyenyeni",303,"Ukunjwi","Wete Ukunjwi","Mnyenyeni","Wete Ukunjwi mnyenyeni"
"Kaskazini Pemba","Wete","Ukunjwi","Chozi",307,"Ukunjwi","Wete Ukunjwi","Chozi","Wete Ukunjwi chozi"
"Kaskazini Pemba","Wete","Ukunjwi","Ukunjwi",1568,"Ukunjwi","Wete Ukunjwi","Ukunjwi","Wete Ukunjwi ukunjwi"
"Kaskazini Pemba","Wete","Pandani","Mlindo",927,"Pandani","Wete Pandani","Mlindo","Wete Pandani mlindo"
"Kaskazini Pemba","Wete","Pandani","Pandani",1734,"Pandani","Wete Pandani","Pandani","Wete Pandani pandani"
"Kaskazini Pemba","Wete","Pandani","Mchangani",1923,"Pandani","Wete Pandani","Mchangani","Wete Pandani mchangani"
"Kaskazini Pemba","Wete","Pandani","Masipa",1311,"Pandani","Wete Pandani","Masipa","Wete Pandani masipa"
"Kaskazini Pemba","Wete","Shengejuu","Shengejuu",794,"Shengejuu","Wete Shengejuu","Shengejuu","Wete Shengejuu shengejuu"
"Kaskazini Pemba","Wete","Shengejuu","Masota",959,"Shengejuu","Wete Shengejuu","Masota","Wete Shengejuu masota"
"Kaskazini Pemba","Wete","Bopwe","Bopwe Mwisho",2085,"Bopwe","Wete Bopwe","Bopwe Mwisho","Wete Bopwe bopwe mwisho"
"Kaskazini Pemba","Wete","Bopwe","Bopwe Mjini",1317,"Bopwe","Wete Bopwe","Bopwe Mjini","Wete Bopwe bopwe mjini"
"Kaskazini Pemba","Wete","Bopwe","Sebuwatu",1810,"Bopwe","Wete Bopwe","Sebuwatu","Wete Bopwe sebuwatu"
"Kaskazini Pemba","Wete","Utaani","Utaani",1149,"Utaani","Wete Utaani","Utaani","Wete Utaani utaani"
"Kaskazini Pemba","Wete","Utaani","Mkwajuni",665,"Utaani","Wete Utaani","Mkwajuni","Wete Utaani mkwajuni"
"Kaskazini Pemba","Wete","Utaani","Chasasa",2015,"Utaani","Wete Utaani","Chasasa","Wete Utaani chasasa"
"Kaskazini Pemba","Wete","Mtambwe Kusini","Daya",1045,"Mtambwe Kusini","Wete Mtambwe Kusini","Daya","Wete Mtambwe Kusini daya"
"Kaskazini Pemba","Wete","Mtambwe Kusini","Kinazini",928,"Mtambwe Kusini","Wete Mtambwe Kusini","Kinazini","Wete Mtambwe Kusini kinazini"
"Kaskazini Pemba","Wete","Mtambwe Kusini","Makongeni",692,"Mtambwe Kusini","Wete Mtambwe Kusini","Makongeni","Wete Mtambwe Kusini makongeni"
"Kaskazini Pemba","Wete","Mtambwe Kusini","Kivumoni",778,"Mtambwe Kusini","Wete Mtambwe Kusini","Kivumoni","Wete Mtambwe Kusini kivumoni"
"Kaskazini Pemba","Wete","Mtambwe Kusini","Kokota",348,"Mtambwe Kusini","Wete Mtambwe Kusini","Kokota","Wete Mtambwe Kusini kokota"
"Kaskazini Pemba","Wete","Selem","Selem",1705,"Selem","Wete Selem","Selem","Wete Selem selem"
"Kaskazini Pemba","Wete","Selem","Kaizibe",476,"Selem","Wete Selem","Kauzibe","Wete Selem kauzibe"
"Kaskazini Pemba","Wete","Selem","Bomani",422,"Selem","Wete Selem","Bomani","Wete Selem bomani"
"Kaskazini Pemba","Wete","Kinyikani","Kinyikani",1161,"Kinyikani","Wete Kinyikani","Kinyikani","Wete Kinyikani kinyikani"
"Kaskazini Pemba","Wete","Kinyikani","Jojo",1135,"Kinyikani","Wete Kinyikani","Jojo","Wete Kinyikani jojo"
"Kaskazini Pemba","Wete","Chwale","Mkanjuni",440,"Chwale","Wete Chwale","Mkanjuni","Wete Chwale mkanjuni"
"Kaskazini Pemba","Wete","Chwale","Chwale",895,"Chwale","Wete Chwale","Chwale","Wete Chwale chwale"
"Kaskazini Pemba","Wete","Chwale","Madenjani",363,"Chwale","Wete Chwale","Madenjani","Wete Chwale madenjani"
"Kaskazini Pemba","Wete","Maziwani","Maziwani",1158,"Maziwani","Wete Maziwani","Maziwani","Wete Maziwani maziwani"
"Kaskazini Pemba","Wete","Maziwani","Mwane",893,"Maziwani","Wete Maziwani","Mwane","Wete Maziwani mwane"
"Kaskazini Pemba","Wete","Mpambani","Mkombo Ame",1027,"Mpambani","Wete Mpambani","Mkombo Ame","Wete Mpambani mkombo ame"
"Kaskazini Pemba","Wete","Mpambani","Mpambani",1151,"Mpambani","Wete Mpambani","Mpambani","Wete Mpambani mpambani"
"Kaskazini Pemba","Wete","Mjini Ole","Mjini Ole",1412,"Mjini Ole","Wete Mjini Ole","Mjini Ole","Wete Mjini Ole mjini ole"
"Kaskazini Pemba","Wete","Mjini Ole","Makaani",245,"Mjini Ole","Wete Mjini Ole","Makaani","Wete Mjini Ole makaani"
"Kaskazini Pemba","Wete","Mjini Ole","Mchangani",1874,"Mjini Ole","Wete Mjini Ole","Mchangani","Wete Mjini Ole mchangani"
"Kaskazini Pemba","Wete","Kiuyu Kigongoni","Fimbo",850,"Kiuyu Kigongoni","Wete Kiuyu Kigongoni","Fimbo","Wete Kiuyu Kigongoni fimbo"
"Kaskazini Pemba","Wete","Kiuyu Kigongoni","Maambani",367,"Kiuyu Kigongoni","Wete Kiuyu Kigongoni","Maambani","Wete Kiuyu Kigongoni maambani"
"Kaskazini Pemba","Wete","Kiuyu Kigongoni","Kigongoni",1486,"Kiuyu Kigongoni","Wete Kiuyu Kigongoni","Kigongoni","Wete Kiuyu Kigongoni kigongoni"
"Kaskazini Pemba","Wete","Mzambarauni Takao","Mchangani",315,"Mzambarauni Takao","Wete Mzambarauni Takao","Mchangani","Wete Mzambarauni Takao mchangani"
"Kaskazini Pemba","Wete","Mzambarauni Takao","Takao",1164,"Mzambarauni Takao","Wete Mzambarauni Takao","Takao","Wete Mzambarauni Takao takao"
"Kaskazini Pemba","Wete","Mzambarauni Takao","Machengwe",522,"Mzambarauni Takao","Wete Mzambarauni Takao","Machengwe","Wete Mzambarauni Takao machengwe"
"Kaskazini Pemba","Wete","Junguni","Junguni",1251,"Junguni","Wete Junguni","Junguni","Wete Junguni junguni"
"Kaskazini Pemba","Wete","Junguni","Utaani",1296,"Junguni","Wete Junguni","Utaani","Wete Junguni utaani"
"Kaskazini Pemba","Wete","Kiungoni","Kimango",931,"Kiungoni","Wete Kiungoni","Kimango","Wete Kiungoni kimango"
"Kaskazini Pemba","Wete","Kiungoni","Chonyi",1024,"Kiungoni","Wete Kiungoni","Chonyi","Wete Kiungoni chonyi"
"Kaskazini Pemba","Wete","Kiungoni","Kiungoni",444,"Kiungoni","Wete Kiungoni","Kiungoni","Wete Kiungoni kiungoni"
"Kaskazini Pemba","Wete","Kiungoni","Kivugo",713,"Kiungoni","Wete Kiungoni","Kivugo","Wete Kiungoni kivugo"
"Kaskazini Pemba","Wete","Pembeni","Pembeni",351,"Pembeni","Wete Pembeni","Pembeni","Wete Pembeni pembeni"
"Kaskazini Pemba","Wete","Pembeni","Mtemani",1338,"Pembeni","Wete Pembeni","Mtemani","Wete Pembeni mtemani"
"Kaskazini Pemba","Wete","Kizimbani","Mitondooni",2800,"Kizimbani","Wete Kizimbani","Mitondooni","Wete Kizimbani mitondooni"
"Kaskazini Pemba","Wete","Kizimbani","Miburani",1145,"Kizimbani","Wete Kizimbani","Miburani","Wete Kizimbani miburani"
"Kaskazini Pemba","Wete","Kizimbani","Kilwa Road",759,"Kizimbani","Wete Kizimbani","Kilwa Road","Wete Kizimbani kilwa road"
"Kaskazini Pemba","Wete","Kizimbani","Baghani",1171,"Kizimbani","Wete Kizimbani","Baghani","Wete Kizimbani baghani"
"Kaskazini Pemba","Wete","Limbani","Kifumbikai",1128,"Limbani","Wete Limbani","Kifumbikai","Wete Limbani kifumbikai"
"Kaskazini Pemba","Wete","Limbani","Limbani",2295,"Limbani","Wete Limbani","Limbani","Wete Limbani limbani"
"Kaskazini Pemba","Wete","Limbani","Tungamaa",496,"Limbani","Wete Limbani","Tungamaa","Wete Limbani tungamaa"
"Kaskazini Pemba","Wete","Jadida","Mtemani",1630,"Jadida","Wete Jadida","Mtemani","Wete Jadida mtemani"
"Kaskazini Pemba","Wete","Jadida","Jadida",1767,"Jadida","Wete Jadida","Jadida","Wete Jadida jadida"
"Kaskazini Pemba","Wete","Jadida","Chasasa",1146,"Jadida","Wete Jadida","Chasasa","Wete Jadida chasasa"
"Kaskazini Pemba","Wete","Jadida","Mji Mwema",1650,"Jadida","Wete Jadida","Mji Mwema","Wete Jadida mji mwema"
"Kaskazini Pemba","Micheweni","Micheweni","Mzambarauni",1263,"Micheweni","Micheweni Micheweni","Mzambarauni","Micheweni Micheweni mzambarauni"
"Kaskazini Pemba","Micheweni","Micheweni","Jichwa Gumu",641,"Micheweni","Micheweni Micheweni","Jichwagumu","Micheweni Micheweni jichwagumu"
"Kaskazini Pemba","Micheweni","Micheweni","Kwa Nondo",434,"Micheweni","Micheweni Micheweni","Kwa Nondo","Micheweni Micheweni kwa nondo"
"Kaskazini Pemba","Micheweni","Micheweni","Chamboni",1123,"Micheweni","Micheweni Micheweni","Chamboni","Micheweni Micheweni chamboni"
"Kaskazini Pemba","Micheweni","Micheweni","Mchuzi",1179,"Micheweni","Micheweni Micheweni","Mchuzi","Micheweni Micheweni mchuzi"
"Kaskazini Pemba","Micheweni","Micheweni","Rohombaya",778,"Micheweni","Micheweni Micheweni","Rohombaya","Micheweni Micheweni rohombaya"
"Kaskazini Pemba","Micheweni","Micheweni","Shimoni",779,"Micheweni","Micheweni Micheweni","Shimoni","Micheweni Micheweni shimoni"
"Kaskazini Pemba","Micheweni","Msuka Mashariki","Taponi",1321,"Msuka Mashariki","Micheweni Msuka Mashariki","Taponi","Micheweni Msuka Mashariki taponi"
"Kaskazini Pemba","Micheweni","Msuka Mashariki","Ungi",473,"Msuka Mashariki","Micheweni Msuka Mashariki","Ungi","Micheweni Msuka Mashariki ungi"
"Kaskazini Pemba","Micheweni","Msuka Mashariki","Kivumoni",834,"Msuka Mashariki","Micheweni Msuka Mashariki","Kivumoni","Micheweni Msuka Mashariki kivumoni"
"Kaskazini Pemba","Micheweni","Msuka Mashariki","Chaleni",812,"Msuka Mashariki","Micheweni Msuka Mashariki","Chaleni","Micheweni Msuka Mashariki chaleni"
"Kaskazini Pemba","Micheweni","Msuka Mashariki","Dodea",325,"Msuka Mashariki","Micheweni Msuka Mashariki","Dodea","Micheweni Msuka Mashariki dodea"
"Kaskazini Pemba","Micheweni","Msuka Mashariki","Kigongo",495,"Msuka Mashariki","Micheweni Msuka Mashariki","Kigongo","Micheweni Msuka Mashariki kigongo"
"Kaskazini Pemba","Micheweni","Kinowe","Kinowe",1203,"Kinowe","Micheweni Kinowe","Kinowe","Micheweni Kinowe kinowe"
"Kaskazini Pemba","Micheweni","Kinowe","Rahikani",1556,"Kinowe","Micheweni Kinowe","Rahikani","Micheweni Kinowe rahikani"
"Kaskazini Pemba","Micheweni","Kinowe","Furahia",1621,"Kinowe","Micheweni Kinowe","Furahia","Micheweni Kinowe furahia"
"Kaskazini Pemba","Micheweni","Tumbe Mashariki","Kikunguni",985,"Tumbe Mashariki","Micheweni Tumbe Mashariki","Kikunguni","Micheweni Tumbe Mashariki kikunguni"
"Kaskazini Pemba","Micheweni","Tumbe Mashariki","Kaliwa",1159,"Tumbe Mashariki","Micheweni Tumbe Mashariki","Kaliwa","Micheweni Tumbe Mashariki kaliwa"
"Kaskazini Pemba","Micheweni","Tumbe Mashariki","Mjini Tumbe",375,"Tumbe Mashariki","Micheweni Tumbe Mashariki","Mjini Tumbe","Micheweni Tumbe Mashariki mjini tumbe"
"Kaskazini Pemba","Micheweni","Tumbe Mashariki","Miembeni",1347,"Tumbe Mashariki","Micheweni Tumbe Mashariki","Miembeni","Micheweni Tumbe Mashariki miembeni"
"Kaskazini Pemba","Micheweni","Tumbe Mashariki","Nyikani",813,"Tumbe Mashariki","Micheweni Tumbe Mashariki","Nyikani","Micheweni Tumbe Mashariki nyikani"
"Kaskazini Pemba","Micheweni","Mgogoni","Chanjaani",1039,"Mgogoni","Micheweni Mgogoni","Chanjaani","Micheweni Mgogoni chanjaani"
"Kaskazini Pemba","Micheweni","Mgogoni","Kwale Gongo",1443,"Mgogoni","Micheweni Mgogoni","Kwale Gongo","Micheweni Mgogoni kwale gongo"
"Kaskazini Pemba","Micheweni","Shumba Viamboni","Uwondwe",1617,"Shumba Viamboni","Micheweni Shumba Viamboni","Uwondwe","Micheweni Shumba Viamboni uwondwe"
"Kaskazini Pemba","Micheweni","Shumba Viamboni","Shumba Viamboni",963,"Shumba Viamboni","Micheweni Shumba Viamboni","Shumba Viamboni","Micheweni Shumba Viamboni shumba viamboni"
"Kaskazini Pemba","Micheweni","Finya","Finya",1486,"Finya","Micheweni Finya","Finya","Micheweni Finya finya"
"Kaskazini Pemba","Micheweni","Finya","Banda Maji",1122,"Finya","Micheweni Finya","Banda Maji","Micheweni Finya banda maji"
"Kaskazini Pemba","Micheweni","Konde","Chanjaani",779,"Konde","Micheweni Konde","Chanjaani","Micheweni Konde chanjaani"
"Kaskazini Pemba","Micheweni","Konde","Kiperani",881,"Konde","Micheweni Konde","Kiperani","Micheweni Konde kiperani"
"Kaskazini Pemba","Micheweni","Konde","Konde",1383,"Konde","Micheweni Konde","Konde","Micheweni Konde konde"
"Kaskazini Pemba","Micheweni","Konde","Kiungani",1384,"Konde","Micheweni Konde","Kiungani","Micheweni Konde kiungani"
"Kaskazini Pemba","Micheweni","Konde","Kipange",1803,"Konde","Micheweni Konde","Kipange","Micheweni Konde kipange"
"Kaskazini Pemba","Micheweni","Konde","Kwa Manda",866,"Konde","Micheweni Konde","Kwa Manda","Micheweni Konde kwa manda"
"Kaskazini Pemba","Micheweni","Konde","Upembani",1477,"Konde","Micheweni Konde","Upembani","Micheweni Konde upembani"
"Kaskazini Pemba","Micheweni","Wingwi Mapofu","Kilindini",1071,"Wingwi Mapofu","Micheweni Wingwi Mapofu","Kilindini","Micheweni Wingwi Mapofu kilindini"
"Kaskazini Pemba","Micheweni","Wingwi Mapofu","Kandaani",1050,"Wingwi Mapofu","Micheweni Wingwi Mapofu","Kandaani","Micheweni Wingwi Mapofu kandaani"
"Kaskazini Pemba","Micheweni","Wingwi Mapofu","Mapofu",1356,"Wingwi Mapofu","Micheweni Wingwi Mapofu","Mapofu","Micheweni Wingwi Mapofu mapofu"
"Kaskazini Pemba","Micheweni","Wingwi Mapofu","Kinazini",1027,"Wingwi Mapofu","Micheweni Wingwi Mapofu","Kinazini","Micheweni Wingwi Mapofu kinazini"
"Kaskazini Pemba","Micheweni","Kiuyu Mbuyuni","Mkwaju Shauri",743,"Kiuyu Mbuyuni","Micheweni Kiuyu Mbuyuni","Mkwaju Shauri","Micheweni Kiuyu Mbuyuni mkwaju shauri"
"Kaskazini Pemba","Micheweni","Kiuyu Mbuyuni","Mkwaju Panda",799,"Kiuyu Mbuyuni","Micheweni Kiuyu Mbuyuni","Mkwaju Panda","Micheweni Kiuyu Mbuyuni mkwaju panda"
"Kaskazini Pemba","Micheweni","Kiuyu Mbuyuni","Mkondoni",1027,"Kiuyu Mbuyuni","Micheweni Kiuyu Mbuyuni","Mkondoni","Micheweni Kiuyu Mbuyuni mkondoni"
"Kaskazini Pemba","Micheweni","Kiuyu Mbuyuni","Shanake",903,"Kiuyu Mbuyuni","Micheweni Kiuyu Mbuyuni","Shanake","Micheweni Kiuyu Mbuyuni shanake"
"Kaskazini Pemba","Micheweni","Kiuyu Mbuyuni","Shanake",1496,"Kiuyu Mbuyuni","Micheweni Kiuyu Mbuyuni","Shanake","Micheweni Kiuyu Mbuyuni shanake"
"Kaskazini Pemba","Micheweni","Kiuyu Mbuyuni","Makombani",739,"Kiuyu Mbuyuni","Micheweni Kiuyu Mbuyuni","Makombani","Micheweni Kiuyu Mbuyuni makombani"
"Kaskazini Pemba","Micheweni","Kiuyu Mbuyuni","Mtongwe",709,"Kiuyu Mbuyuni","Micheweni Kiuyu Mbuyuni","Mtongwe","Micheweni Kiuyu Mbuyuni mtongwe"
"Kaskazini Pemba","Micheweni","Makangale","Mnarani",974,"Makangale","Micheweni Makangale","Mnarani","Micheweni Makangale mnarani"
"Kaskazini Pemba","Micheweni","Makangale","Jiwe Moja",1671,"Makangale","Micheweni Makangale","Jiwe Moja","Micheweni Makangale jiwe moja"
"Kaskazini Pemba","Micheweni","Wingwi Njuguni","Njuguni",1025,"Wingwi Njuguni","Micheweni Wingwi Njuguni","Njuguni","Micheweni Wingwi Njuguni njuguni"
"Kaskazini Pemba","Micheweni","Wingwi Njuguni","Kibuyuni",271,"Wingwi Njuguni","Micheweni Wingwi Njuguni","Kibuyuni","Micheweni Wingwi Njuguni kibuyuni"
"Kaskazini Pemba","Micheweni","Wingwi Njuguni","Dodeani",359,"Wingwi Njuguni","Micheweni Wingwi Njuguni","Dodeani","Micheweni Wingwi Njuguni dodeani"
"Kaskazini Pemba","Micheweni","Wingwi Njuguni","Mianzini",397,"Wingwi Njuguni","Micheweni Wingwi Njuguni","Mianzini","Micheweni Wingwi Njuguni mianzini"
"Kaskazini Pemba","Micheweni","Shumba Mjini","Chamboni",849,"Shumba Mjini","Micheweni Shumba Mjini","Chamboni","Micheweni Shumba Mjini chamboni"
"Kaskazini Pemba","Micheweni","Shumba Mjini","Msasani",1563,"Shumba Mjini","Micheweni Shumba Mjini","Msasani","Micheweni Shumba Mjini msasani"
"Kaskazini Pemba","Micheweni","Shumba Mjini","Mzambarauni",1132,"Shumba Mjini","Micheweni Shumba Mjini","Mzambarauni","Micheweni Shumba Mjini mzambarauni"
"Kaskazini Pemba","Micheweni","Shumba Mjini","Mtamaduni",543,"Shumba Mjini","Micheweni Shumba Mjini","Mtamaduni","Micheweni Shumba Mjini mtamaduni"
"Kaskazini Pemba","Micheweni","Shumba Mjini","Momogu",676,"Shumba Mjini","Micheweni Shumba Mjini","Momogu","Micheweni Shumba Mjini momogu"
"Kaskazini Pemba","Micheweni","Majenzi","Mjombo",726,"Majenzi","Micheweni Majenzi","Mjombo","Micheweni Majenzi mjombo"
"Kaskazini Pemba","Micheweni","Majenzi","Kwashaamemata",492,"Majenzi","Micheweni Majenzi","Kwa Shaamemata","Micheweni Majenzi kwa shaamemata"
"Kaskazini Pemba","Micheweni","Majenzi","Majenzi",287,"Majenzi","Micheweni Majenzi","Majenzi","Micheweni Majenzi majenzi"
"Kaskazini Pemba","Micheweni","Majenzi","Cottage",430,"Majenzi","Micheweni Majenzi","Cottage","Micheweni Majenzi cottage"
"Kaskazini Pemba","Micheweni","Majenzi","Tanga",435,"Majenzi","Micheweni Majenzi","Tanga","Micheweni Majenzi tanga"
"Kaskazini Pemba","Micheweni","Mjini Wingwi","Kidutani",281,"Mjini Wingwi","Micheweni Mjini Wingwi","Kidutani","Micheweni Mjini Wingwi kidutani"
"Kaskazini Pemba","Micheweni","Mjini Wingwi","Kiupwe",816,"Mjini Wingwi","Micheweni Mjini Wingwi","Kiupwe","Micheweni Mjini Wingwi kiupwe"
"Kaskazini Pemba","Micheweni","Mjini Wingwi","Sebudawa",516,"Mjini Wingwi","Micheweni Mjini Wingwi","Sebudawa","Micheweni Mjini Wingwi sebudawa"
"Kaskazini Pemba","Micheweni","Mjini Wingwi","Bondeni",1018,"Mjini Wingwi","Micheweni Mjini Wingwi","Bondeni","Micheweni Mjini Wingwi bondeni"
"Kaskazini Pemba","Micheweni","Mjini Wingwi","Dodoma",1154,"Mjini Wingwi","Micheweni Mjini Wingwi","Dodoma","Micheweni Mjini Wingwi dodoma"
"Kaskazini Pemba","Micheweni","Mjini Wingwi","Msasani",736,"Mjini Wingwi","Micheweni Mjini Wingwi","Msasani","Micheweni Mjini Wingwi msasani"
"Kaskazini Pemba","Micheweni","Msuka Magharibi","Mtongwe",2026,"Msuka Magharibi","Micheweni Msuka Magharibi","Mtongwe","Micheweni Msuka Magharibi mtongwe"
"Kaskazini Pemba","Micheweni","Msuka Magharibi","Dodea",292,"Msuka Magharibi","Micheweni Msuka Magharibi","Dodea","Micheweni Msuka Magharibi dodea"
"Kaskazini Pemba","Micheweni","Msuka Magharibi","Gombani",679,"Msuka Magharibi","Micheweni Msuka Magharibi","Gombani","Micheweni Msuka Magharibi gombani"
"Kaskazini Pemba","Micheweni","Msuka Magharibi","Mtoni",1277,"Msuka Magharibi","Micheweni Msuka Magharibi","Mtoni","Micheweni Msuka Magharibi mtoni"
"Kaskazini Pemba","Micheweni","Chimba","Pombwe",726,"Chimba","Micheweni Chimba","Pombwe","Micheweni Chimba pombwe"
"Kaskazini Pemba","Micheweni","Chimba","Chimba",1488,"Chimba","Micheweni Chimba","Chimba","Micheweni Chimba chimba"
"Kaskazini Pemba","Micheweni","Chimba","Bule",866,"Chimba","Micheweni Chimba","Bule","Micheweni Chimba bule"
"Kaskazini Pemba","Micheweni","Tumbe Magharibi","Mbuyuni",2027,"Tumbe Magharibi","Micheweni Tumbe Magharibi","Mbuyuni","Micheweni Tumbe Magharibi mbuyuni"
"Kaskazini Pemba","Micheweni","Tumbe Magharibi","Nyikani",1479,"Tumbe Magharibi","Micheweni Tumbe Magharibi","Nyikani","Micheweni Tumbe Magharibi nyikani"
"Kaskazini Pemba","Micheweni","Tumbe Magharibi","Kibiriti",722,"Tumbe Magharibi","Micheweni Tumbe Magharibi","Kibiriti","Micheweni Tumbe Magharibi kibiriti"
"Kaskazini Pemba","Micheweni","Sizini","Chanjaani",1659,"Sizini","Micheweni Sizini","Chanjaani","Micheweni Sizini chanjaani"
"Kaskazini Pemba","Micheweni","Sizini","Sizini",3625,"Sizini","Micheweni Sizini","Sizini","Micheweni Sizini sizini"
"Kaskazini Pemba","Micheweni","Kinyasini","Kinyasini",2234,"Kinyasini","Micheweni Kinyasini","Kinyasini","Micheweni Kinyasini kinyasini"
"Kaskazini Pemba","Micheweni","Kinyasini","Taifu",954,"Kinyasini","Micheweni Kinyasini","Taifu","Micheweni Kinyasini taifu"
"Kaskazini Pemba","Micheweni","Mihogoni","Nyuma ya Mti",730,"Mihogoni","Micheweni Mihogoni","Nyuma ya Mti","Micheweni Mihogoni nyuma ya mti"
"Kaskazini Pemba","Micheweni","Mihogoni","Kikunguni",1419,"Mihogoni","Micheweni Mihogoni","Kikunguni","Micheweni Mihogoni kikunguni"
"Kaskazini Pemba","Micheweni","Mihogoni","Mihogoni",447,"Mihogoni","Micheweni Mihogoni","Mihogoni","Micheweni Mihogoni mihogoni"
"Kaskazini Pemba","Micheweni","Kifundi","Kifundi",1672,"Kifundi","Micheweni Kifundi","Kifundi","Micheweni Kifundi kifundi"
"Kaskazini Pemba","Micheweni","Kifundi","Kipangani",1124,"Kifundi","Micheweni Kifundi","Kipangani","Micheweni Kifundi kipangani"
"Kaskazini Pemba","Micheweni","Maziwa Ng'ombe","Mbokoni",1308,"Maziwa Ng'ombe","Micheweni Maziwa Ng'ombe","Mbokoni","Micheweni Maziwa Ng'ombe mbokoni"
"Kaskazini Pemba","Micheweni","Maziwa Ng'ombe","Mbuyu Goe",370,"Maziwa Ng'ombe","Micheweni Maziwa Ng'ombe","Mbuyu Goe","Micheweni Maziwa Ng'ombe mbuyu goe"
"Kaskazini Pemba","Micheweni","Maziwa Ng'ombe","Kitonga",440,"Maziwa Ng'ombe","Micheweni Maziwa Ng'ombe","Kitonga","Micheweni Maziwa Ng'ombe kitonga"
"Kaskazini Pemba","Micheweni","Maziwa Ng'ombe","Mbuzini",845,"Maziwa Ng'ombe","Micheweni Maziwa Ng'ombe","Mbuzini","Micheweni Maziwa Ng'ombe mbuzini"
"Kaskazini Pemba","Micheweni","Maziwa Ng'ombe","Majenzi",1176,"Maziwa Ng'ombe","Micheweni Maziwa Ng'ombe","Majenzi","Micheweni Maziwa Ng'ombe majenzi"
"Kaskazini Pemba","Micheweni","Maziwa Ng'ombe","Kibagoni",1165,"Maziwa Ng'ombe","Micheweni Maziwa Ng'ombe","Kibagoni","Micheweni Maziwa Ng'ombe kibagoni"
"Kaskazini Pemba","Micheweni","Maziwa Ng'ombe","Rahaleo",516,"Maziwa Ng'ombe","Micheweni Maziwa Ng'ombe","Rahaleo","Micheweni Maziwa Ng'ombe rahaleo"
"Kaskazini Pemba","Micheweni","Tondooni","Makangale",985,"Tondooni","Micheweni Tondooni","Makangale","Micheweni Tondooni makangale"
"Kaskazini Pemba","Micheweni","Tondooni","Tondooni",928,"Tondooni","Micheweni Tondooni","Tondooni","Micheweni Tondooni tondooni"
"Kaskazini Pemba","Micheweni","Tondooni","Mkia wa Ng'ombe",792,"Tondooni","Micheweni Tondooni","Mkia wa Ng'ombe","Micheweni Tondooni mkia wa ng'ombe"
"Kaskazini Pemba","Micheweni","Mtemani","Chokaningayo",834,"Mtemani","Micheweni Mtemani","Chokaningayo","Micheweni Mtemani chokaningayo"
"Kaskazini Pemba","Micheweni","Mtemani","Mtemani",1307,"Mtemani","Micheweni Mtemani","Mtemani","Micheweni Mtemani mtemani"
"Kaskazini Pemba","Micheweni","Mtemani","Njuguni",876,"Mtemani","Micheweni Mtemani","Njuguni","Micheweni Mtemani njuguni"
"Kaskazini Pemba","Micheweni","Wingwi Mjananza","Kidutani",790,"Wingwi Mjananza","Micheweni Wingwi Mjananza","Kidutani","Micheweni Wingwi Mjananza kidutani"
"Kaskazini Pemba","Micheweni","Wingwi Mjananza","Mjanaza",912,"Wingwi Mjananza","Micheweni Wingwi Mjananza","Mjananza","Micheweni Wingwi Mjananza mjananza"
"Kaskazini Pemba","Micheweni","Mlindo","Makomeni",478,"Mlindo","Micheweni Mlindo","Makomeni","Micheweni Mlindo makomeni"
"Kaskazini Pemba","Micheweni","Mlindo","Mtakao",965,"Mlindo","Micheweni Mlindo","Mtakao","Micheweni Mlindo mtakao"
"Kaskazini Pemba","Micheweni","Mlindo","Mlindo",653,"Mlindo","Micheweni Mlindo","Mlindo","Micheweni Mlindo mlindo"
"Kusini Pemba","Chake Chake","Chanjaani","Vijijini",1124,"Chanjaani","Chake Chake Chanjaani","Vijijini","Chake Chake Chanjaani vijijini"
"Kusini Pemba","Chake Chake","Chanjaani","Mwembe Togwa",1733,"Chanjaani","Chake Chake Chanjaani","Muembe Togwa","Chake Chake Chanjaani muembe togwa"
"Kusini Pemba","Chake Chake","Chanjaani","Zaire",454,"Chanjaani","Chake Chake Chanjaani","Zaire","Chake Chake Chanjaani zaire"
"Kusini Pemba","Chake Chake","Wawi","Mji wa Chini",931,"Wawi","Chake Chake Wawi","Mji wa Chini","Chake Chake Wawi mji wa chini"
"Kusini Pemba","Chake Chake","Wawi","Wawi",3927,"Wawi","Chake Chake Wawi","Wawi","Chake Chake Wawi wawi"
"Kusini Pemba","Chake Chake","Wawi","Fidel Castro",757,"Wawi","Chake Chake Wawi","Fidel Castro","Chake Chake Wawi fidel castro"
"Kusini Pemba","Chake Chake","Pujini","Mtimbu",1369,"Pujini","Chake Chake Pujini","Mtimbu","Chake Chake Pujini mtimbu"
"Kusini Pemba","Chake Chake","Pujini","Pujini",1698,"Pujini","Chake Chake Pujini","Pujini","Chake Chake Pujini pujini"
"Kusini Pemba","Chake Chake","Pujini","Tondooni",999,"Pujini","Chake Chake Pujini","Tondooni","Chake Chake Pujini tondooni"
"Kusini Pemba","Chake Chake","Ziwani","Ziwani",2583,"Ziwani","Chake Chake Ziwani","Ziwani","Chake Chake Ziwani ziwani"
"Kusini Pemba","Chake Chake","Ziwani","Mchanga wa Kwale",778,"Ziwani","Chake Chake Ziwani","Mchanga wa Kwale","Chake Chake Ziwani mchanga wa kwale"
"Kusini Pemba","Chake Chake","Ziwani","Pembeni",662,"Ziwani","Chake Chake Ziwani","Pembeni","Chake Chake Ziwani pembeni"
"Kusini Pemba","Chake Chake","Ndagoni","Kichanjaani",791,"Ndagoni","Chake Chake Ndagoni","Kichanjaani","Chake Chake Ndagoni kichanjaani"
"Kusini Pemba","Chake Chake","Ndagoni","Jamvini",735,"Ndagoni","Chake Chake Ndagoni","Jamvini","Chake Chake Ndagoni jamvini"
"Kusini Pemba","Chake Chake","Ndagoni","Ndagoni",1296,"Ndagoni","Chake Chake Ndagoni","Ndagoni","Chake Chake Ndagoni ndagoni"
"Kusini Pemba","Chake Chake","Ndagoni","Buyuni",1083,"Ndagoni","Chake Chake Ndagoni","Buyuni","Chake Chake Ndagoni buyuni"
"Kusini Pemba","Chake Chake","Kwale","Semewani",534,"Kwale","Chake Chake Kwale","Semewani","Chake Chake Kwale semewani"
"Kusini Pemba","Chake Chake","Kwale","Nyapi",861,"Kwale","Chake Chake Kwale","Nyapi","Chake Chake Kwale nyapi"
"Kusini Pemba","Chake Chake","Kwale","Miburani",1619,"Kwale","Chake Chake Kwale","Miburani","Chake Chake Kwale miburani"
"Kusini Pemba","Chake Chake","Kwale","Kwale",766,"Kwale","Chake Chake Kwale","Kwale","Chake Chake Kwale kwale"
"Kusini Pemba","Chake Chake","Vitongoji","Changuo",1491,"Vitongoji","Chake Chake Vitongoji","Changuo","Chake Chake Vitongoji changuo"
"Kusini Pemba","Chake Chake","Vitongoji","Vumba",784,"Vitongoji","Chake Chake Vitongoji","Vumba","Chake Chake Vitongoji vumba"
"Kusini Pemba","Chake Chake","Vitongoji","Vikutani",2027,"Vitongoji","Chake Chake Vitongoji","Vikutani","Chake Chake Vitongoji vikutani"
"Kusini Pemba","Chake Chake","Vitongoji","Darajani",216,"Vitongoji","Chake Chake Vitongoji","Darajani","Chake Chake Vitongoji darajani"
"Kusini Pemba","Chake Chake","Ng'ambwa","Gombani",3706,"Ng'ambwa","Chake Chake Ng'ambwa","Gombani","Chake Chake Ng'ambwa gombani"
"Kusini Pemba","Chake Chake","Ng'ambwa","Ng'ambwa",351,"Ng'ambwa","Chake Chake Ng'ambwa","Ng'ambwa","Chake Chake Ng'ambwa ng'ambwa"
"Kusini Pemba","Chake Chake","Ng'ambwa","Vikunguni",2076,"Ng'ambwa","Chake Chake Ng'ambwa","Vikunguni","Chake Chake Ng'ambwa vikunguni"
"Kusini Pemba","Chake Chake","Shungi","Chanjamjawiri",1455,"Shungi","Chake Chake Shungi","Chanjamjawiri","Chake Chake Shungi chanjamjawiri"
"Kusini Pemba","Chake Chake","Shungi","Shungi",1033,"Shungi","Chake Chake Shungi","Shungi","Chake Chake Shungi shungi"
"Kusini Pemba","Chake Chake","Chonga","Njia ya Kidongo",1260,"Chonga","Chake Chake Chonga","Njia ya Kidongo","Chake Chake Chonga njia ya kidongo"
"Kusini Pemba","Chake Chake","Chonga","Chonga",1374,"Chonga","Chake Chake Chonga","Chonga","Chake Chake Chonga chonga"
"Kusini Pemba","Chake Chake","Chonga","Tondooni",685,"Chonga","Chake Chake Chonga","Tondooni","Chake Chake Chonga tondooni"
"Kusini Pemba","Chake Chake","Mgelema","Mgelema",857,"Mgelema","Chake Chake Mgelema","Mgelema","Chake Chake Mgelema mgelema"
"Kusini Pemba","Chake Chake","Mgelema","Ngomeni",393,"Mgelema","Chake Chake Mgelema","Ngomeni","Chake Chake Mgelema ngomeni"
"Kusini Pemba","Chake Chake","Kilindi","Tundaua",1002,"Kilindi","Chake Chake Kilindi","Tundaua","Chake Chake Kilindi tundaua"
"Kusini Pemba","Chake Chake","Kilindi","Utaani",333,"Kilindi","Chake Chake Kilindi","Utaani","Chake Chake Kilindi utaani"
"Kusini Pemba","Chake Chake","Kilindi","Papani",472,"Kilindi","Chake Chake Kilindi","Papani","Chake Chake Kilindi papani"
"Kusini Pemba","Chake Chake","Kilindi","Tuwatugawe",638,"Kilindi","Chake Chake Kilindi","Tuwatugawe","Chake Chake Kilindi tuwatugawe"
"Kusini Pemba","Chake Chake","Kilindi","Banaani",798,"Kilindi","Chake Chake Kilindi","Banani","Chake Chake Kilindi banani"
"Kusini Pemba","Chake Chake","Kilindi","Kungeni",705,"Kilindi","Chake Chake Kilindi","Kungeni","Chake Chake Kilindi kungeni"
"Kusini Pemba","Chake Chake","Tibirinzi","Pondeani",1602,"Tibirinzi","Chake Chake Tibirinzi","Pondeani","Chake Chake Tibirinzi pondeani"
"Kusini Pemba","Chake Chake","Tibirinzi","Tibirinzi",908,"Tibirinzi","Chake Chake Tibirinzi","Tibirinzi","Chake Chake Tibirinzi tibirinzi"
"Kusini Pemba","Chake Chake","Tibirinzi","Muharitani",1531,"Tibirinzi","Chake Chake Tibirinzi","Muharitani","Chake Chake Tibirinzi muharitani"
"Kusini Pemba","Chake Chake","Chachani","Chachani",974,"Chachani","Chake Chake Chachani","Chachani","Chake Chake Chachani chachani"
"Kusini Pemba","Chake Chake","Wara","Ujinga",1473,"Wara","Chake Chake Wara","Ujinga","Chake Chake Wara ujinga"
"Kusini Pemba","Chake Chake","Wara","Wara",1257,"Wara","Chake Chake Wara","Wara","Chake Chake Wara wara"
"Kusini Pemba","Chake Chake","Wara","Machomane",1200,"Wara","Chake Chake Wara","Machomanne","Chake Chake Wara machomanne"
"Kusini Pemba","Chake Chake","Mvumoni","Mvumoni",1176,"Mvumoni","Chake Chake Mvumoni","Mvumoni","Chake Chake Mvumoni mvumoni"
"Kusini Pemba","Chake Chake","Mvumoni","Furaha",1287,"Mvumoni","Chake Chake Mvumoni","Furaha","Chake Chake Mvumoni furaha"
"Kusini Pemba","Chake Chake","Matale","Limani",757,"Matale","Chake Chake Matale","Limani","Chake Chake Matale limani"
"Kusini Pemba","Chake Chake","Matale","Muembe Karata",2124,"Matale","Chake Chake Matale","Muembe Karata","Chake Chake Matale muembe karata"
"Kusini Pemba","Chake Chake","Matale","Chanjamjawiri",1031,"Matale","Chake Chake Matale","Chanjamjawiri","Chake Chake Matale chanjamjawiri"
"Kusini Pemba","Chake Chake","Wesha","Tondooni",1051,"Wesha","Chake Chake Wesha","Tondooni","Chake Chake Wesha tondooni"
"Kusini Pemba","Chake Chake","Wesha","Kijangwani",1639,"Wesha","Chake Chake Wesha","Kijangwani","Chake Chake Wesha kijangwani"
"Kusini Pemba","Chake Chake","Wesha","Wesha",1203,"Wesha","Chake Chake Wesha","Wesha","Chake Chake Wesha wesha"
"Kusini Pemba","Chake Chake","Uwandani","Uwandani",1768,"Uwandani","Chake Chake Uwandani","Uwandani","Chake Chake Uwandani uwandani"
"Kusini Pemba","Chake Chake","Uwandani","Makaani",195,"Uwandani","Chake Chake Uwandani","Makaani","Chake Chake Uwandani makaani"
"Kusini Pemba","Chake Chake","Uwandani","Mjanaza",668,"Uwandani","Chake Chake Uwandani","Mjanaza","Chake Chake Uwandani mjanaza"
"Kusini Pemba","Chake Chake","Madungu","Mtoni",669,"Madungu","Chake Chake Madungu","Mtoni","Chake Chake Madungu mtoni"
"Kusini Pemba","Chake Chake","Madungu","Shamiani",1212,"Madungu","Chake Chake Madungu","Shamiani","Chake Chake Madungu shamiani"
"Kusini Pemba","Chake Chake","Madungu","Fueni",1205,"Madungu","Chake Chake Madungu","Fueni","Chake Chake Madungu fueni"
"Kusini Pemba","Chake Chake","Madungu","Madungu",807,"Madungu","Chake Chake Madungu","Madungu","Chake Chake Madungu madungu"
"Kusini Pemba","Chake Chake","Madungu","Gongo Mawe",358,"Madungu","Chake Chake Madungu","Gongo Mawe","Chake Chake Madungu gongo mawe"
"Kusini Pemba","Chake Chake","Mgogoni","Kichangani",796,"Mgogoni","Chake Chake Mgogoni","Kichangani","Chake Chake Mgogoni kichangani"
"Kusini Pemba","Chake Chake","Mgogoni","Ditia",745,"Mgogoni","Chake Chake Mgogoni","Ditia","Chake Chake Mgogoni ditia"
"Kusini Pemba","Chake Chake","Mgogoni","Mgogoni",1057,"Mgogoni","Chake Chake Mgogoni","Mgogoni","Chake Chake Mgogoni mgogoni"
"Kusini Pemba","Chake Chake","Dodo","Mitamani",517,"Dodo","Chake Chake Dodo","Miatamani","Chake Chake Dodo miatamani"
"Kusini Pemba","Chake Chake","Dodo","Dodo",1377,"Dodo","Chake Chake Dodo","Dodo","Chake Chake Dodo dodo"
"Kusini Pemba","Chake Chake","Dodo","Mbuni",281,"Dodo","Chake Chake Dodo","Mbuni","Chake Chake Dodo mbuni"
"Kusini Pemba","Chake Chake","Dodo","Kibaridi",1198,"Dodo","Chake Chake Dodo","Kibaridi","Chake Chake Dodo kibaridi"
"Kusini Pemba","Chake Chake","Dodo","Kichanjaani",896,"Dodo","Chake Chake Dodo","Kichanjaani","Chake Chake Dodo kichanjaani"
"Kusini Pemba","Chake Chake","Mbuzini","Mbuzini",2084,"Mbuzini","Chake Chake Mbuzini","Mbuzini","Chake Chake Mbuzini mbuzini"
"Kusini Pemba","Chake Chake","Mbuzini","Mavungwa",835,"Mbuzini","Chake Chake Mbuzini","Mavungwa","Chake Chake Mbuzini mavungwa"
"Kusini Pemba","Chake Chake","Michungwani","Kukuchuni",571,"Michungwani","Chake Chake Michungwani","Kukuchuni","Chake Chake Michungwani kukuchuni"
"Kusini Pemba","Chake Chake","Michungwani","Michungwani",842,"Michungwani","Chake Chake Michungwani","Michungwani","Chake Chake Michungwani michungwani"
"Kusini Pemba","Chake Chake","Michungwani","Tumbatu",361,"Michungwani","Chake Chake Michungwani","Tumbatu","Chake Chake Michungwani tumbatu"
"Kusini Pemba","Chake Chake","Michungwani","Birikau",683,"Michungwani","Chake Chake Michungwani","Birikau","Chake Chake Michungwani birikau"
"Kusini Pemba","Chake Chake","Kibokoni","Umangani",807,"Kibokoni","Chake Chake Kibokoni","Umangani","Chake Chake Kibokoni umangani"
"Kusini Pemba","Chake Chake","Kibokoni","Kibokoni",1777,"Kibokoni","Chake Chake Kibokoni","Kibokoni","Chake Chake Kibokoni kibokoni"
"Kusini Pemba","Chake Chake","Kichungwani","Mkungu Malofa",747,"Kichungwani","Chake Chake Kichungwani","Mkungu Malofa","Chake Chake Kichungwani mkungu malofa"
"Kusini Pemba","Chake Chake","Kichungwani","Raha Leo",559,"Kichungwani","Chake Chake Kichungwani","Rahaleo","Chake Chake Kichungwani rahaleo"
"Kusini Pemba","Chake Chake","Kichungwani","Miembeni",452,"Kichungwani","Chake Chake Kichungwani","Miembeni","Chake Chake Kichungwani miembeni"
"Kusini Pemba","Chake Chake","Kichungwani","Kichungwani",400,"Kichungwani","Chake Chake Kichungwani","Kichungwani","Chake Chake Kichungwani kichungwani"
"Kusini Pemba","Chake Chake","Msingini","Michakaini",881,"Msingini","Chake Chake Msingini","Michakaini","Chake Chake Msingini michakaini"
"Kusini Pemba","Chake Chake","Msingini","Msingini",751,"Msingini","Chake Chake Msingini","Msingini","Chake Chake Msingini msingini"
"Kusini Pemba","Chake Chake","Msingini","Mtoni",673,"Msingini","Chake Chake Msingini","Mtoni","Chake Chake Msingini mtoni"
"Kusini Pemba","Chake Chake","Mkoroshoni","Mkoroshoni",1546,"Mkoroshoni","Chake Chake Mkoroshoni","Mkoroshoni","Chake Chake Mkoroshoni mkoroshoni"
"Kusini Pemba","Chake Chake","Mkoroshoni","Mkanjuni",1512,"Mkoroshoni","Chake Chake Mkoroshoni","Mkanjuni","Chake Chake Mkoroshoni mkanjuni"
"Kusini Pemba","Chake Chake","Mkoroshoni","Ndugu Kitu",415,"Mkoroshoni","Chake Chake Mkoroshoni","Ndugu Kitu","Chake Chake Mkoroshoni ndugu kitu"
"Kusini Pemba","Chake Chake","Mfikiwa","Mfikiwa",1395,"Mfikiwa","Chake Chake Mfikiwa","Mfikiwa","Chake Chake Mfikiwa mfikiwa"
"Kusini Pemba","Chake Chake","Mfikiwa","Kilimahodi",641,"Mfikiwa","Chake Chake Mfikiwa","Kilimahodi","Chake Chake Mfikiwa kilimahodi"
"Kusini Pemba","Mkoani","Ng'ombeni","Jondeni",1074,"Ng'ombeni","Mkoani Ng'ombeni","Jondeni","Mkoani Ng'ombeni jondeni"
"Kusini Pemba","Mkoani","Ng'ombeni","Kinyasini",566,"Ng'ombeni","Mkoani Ng'ombeni","Kinyasini","Mkoani Ng'ombeni kinyasini"
"Kusini Pemba","Mkoani","Ng'ombeni","Mfenesi Mazizi",701,"Ng'ombeni","Mkoani Ng'ombeni","Mfenesi Mazizi","Mkoani Ng'ombeni mfenesi mazizi"
"Kusini Pemba","Mkoani","Ng'ombeni","Msingini",818,"Ng'ombeni","Mkoani Ng'ombeni","Msingini","Mkoani Ng'ombeni msingini"
"Kusini Pemba","Mkoani","Makombeni","Eneani",1399,"Makombeni","Mkoani Makombeni","Eneani","Mkoani Makombeni eneani"
"Kusini Pemba","Mkoani","Makombeni","Katumeni",447,"Makombeni","Mkoani Makombeni","Katumeni","Mkoani Makombeni katumeni"
"Kusini Pemba","Mkoani","Makombeni","Kinyasini",844,"Makoongwe","Mkoani Makoongwe","Kinyasini","Mkoani Makoongwe kinyasini"
"Kusini Pemba","Mkoani","Makombeni","Kizambarauni",570,"Makoongwe","Mkoani Makoongwe","Kizambarauni","Mkoani Makoongwe kizambarauni"
"Kusini Pemba","Mkoani","Makombeni","Matumbini Kubwa",38,"Makoongwe","Mkoani Makoongwe","Matumbini Kubwa","Mkoani Makoongwe matumbini kubwa"
"Kusini Pemba","Mkoani","Shidi","Mwambani",420,"Shidi","Mkoani Shidi","Mwambani","Mkoani Shidi mwambani"
"Kusini Pemba","Mkoani","Shidi","Shidi",562,"Shidi","Mkoani Shidi","Shidi","Mkoani Shidi shidi"
"Kusini Pemba","Mkoani","Mkanyageni","Ngomani",423,"Mkanyageni","Mkoani Mkanyageni","Ngomani","Mkoani Mkanyageni ngomani"
"Kusini Pemba","Mkoani","Mkanyageni","Mkanyageni",1911,"Mkanyageni","Mkoani Mkanyageni","Mkanyageni","Mkoani Mkanyageni mkanyageni"
"Kusini Pemba","Mkoani","Mkanyageni","Tasini",328,"Mkanyageni","Mkoani Mkanyageni","Tasini","Mkoani Mkanyageni tasini"
"Kusini Pemba","Mkoani","Mkanyageni","Bogoa",507,"Mkanyageni","Mkoani Mkanyageni","Bogoa","Mkoani Mkanyageni bogoa"
"Kusini Pemba","Mkoani","Michenzani","Mchengele",1735,"Michenzani","Mkoani Michenzani","Mchengele","Mkoani Michenzani mchengele"
"Kusini Pemba","Mkoani","Michenzani","Michenzani",1197,"Michenzani","Mkoani Michenzani","Michenzani","Mkoani Michenzani michenzani"
"Kusini Pemba","Mkoani","Chokocho","Ulenge",1492,"Chokocho","Mkoani Chokocho","Ulenge","Mkoani Chokocho ulenge"
"Kusini Pemba","Mkoani","Chokocho","Mlimuni",840,"Chokocho","Mkoani Chokocho","Mlimuni","Mkoani Chokocho mlimuni"
"Kusini Pemba","Mkoani","Chokocho","Chamboni",1401,"Chokocho","Mkoani Chokocho","Chamboni","Mkoani Chokocho chamboni"
"Kusini Pemba","Mkoani","Chokocho","Chokocho",806,"Chokocho","Mkoani Chokocho","Chokocho","Mkoani Chokocho chokocho"
"Kusini Pemba","Mkoani","Kisiwa Panza","Mitondooni",1383,"Kisiwa Panza","Mkoani Kisiwa Panza","Mitondooni","Mkoani Kisiwa Panza mitondooni"
"Kusini Pemba","Mkoani","Kisiwa Panza","Panza",1704,"Kisiwa Panza","Mkoani Kisiwa Panza","Panza","Mkoani Kisiwa Panza panza"
"Kusini Pemba","Mkoani","Kangani","Shukeni",1343,"Kangani","Mkoani Kangani","Shukeni","Mkoani Kangani shukeni"
"Kusini Pemba","Mkoani","Kangani","Msumbiji",261,"Kangani","Mkoani Kangani","Msumbiji","Mkoani Kangani msumbiji"
"Kusini Pemba","Mkoani","Kangani","Msijeni",567,"Kangani","Mkoani Kangani","Msijeni","Mkoani Kangani msijeni"
"Kusini Pemba","Mkoani","Kangani","Sokoni",1824,"Kangani","Mkoani Kangani","Sokoni","Mkoani Kangani sokoni"
"Kusini Pemba","Mkoani","Kengeja","Mjiweni",1317,"Kengeja","Mkoani Kengeja","Mjiweni","Mkoani Kengeja mjiweni"
"Kusini Pemba","Mkoani","Kengeja","Kaani",1343,"Kengeja","Mkoani Kengeja","Kaani","Mkoani Kengeja kaani"
"Kusini Pemba","Mkoani","Kengeja","Mwakunguu",440,"Kengeja","Mkoani Kengeja","Mwakunguu","Mkoani Kengeja mwakunguu"
"Kusini Pemba","Mkoani","Kengeja","Chole",925,"Kengeja","Mkoani Kengeja","Chole","Mkoani Kengeja chole"
"Kusini Pemba","Mkoani","Kengeja","Kidutani",873,"Kengeja","Mkoani Kengeja","Kidutani","Mkoani Kengeja kidutani"
"Kusini Pemba","Mkoani","Kengeja","Jomvu",1338,"Kengeja","Mkoani Kengeja","Jomvu","Mkoani Kengeja jomvu"
"Kusini Pemba","Mkoani","Kengeja","Sokoni",731,"Kengeja","Mkoani Kengeja","Sokoni","Mkoani Kengeja sokoni"
"Kusini Pemba","Mkoani","Muambe","Mchakwe",1221,"Muambe","Mkoani Muambe","Mchakwe","Mkoani Muambe mchakwe"
"Kusini Pemba","Mkoani","Muambe","Chaleni",2520,"Muambe","Mkoani Muambe","Chaleni","Mkoani Muambe chaleni"
"Kusini Pemba","Mkoani","Muambe","Bwegeza",1910,"Muambe","Mkoani Muambe","Bwegeza","Mkoani Muambe bwegeza"
"Kusini Pemba","Mkoani","Muambe","Chaleni Kusini",1012,"Muambe","Mkoani Muambe","Chaleni Kusini","Mkoani Muambe chaleni kusini"
"Kusini Pemba","Mkoani","Kiwani","Kiwani",2329,"Kiwani","Mkoani Kiwani","Kiwani","Mkoani Kiwani kiwani"
"Kusini Pemba","Mkoani","Kiwani","Michakweni",697,"Kiwani","Mkoani Kiwani","Michakweni","Mkoani Kiwani michakweni"
"Kusini Pemba","Mkoani","Mtambile","Kigope",456,"Mtambile","Mkoani Mtambile","Kigope","Mkoani Mtambile kigope"
"Kusini Pemba","Mkoani","Mtambile","Jaani",311,"Mtambile","Mkoani Mtambile","Jaani","Mkoani Mtambile jaani"
"Kusini Pemba","Mkoani","Mtambile","Jonza",887,"Mtambile","Mkoani Mtambile","Jonza","Mkoani Mtambile jonza"
"Kusini Pemba","Mkoani","Mtambile","Mtakakaa",1130,"Mtambile","Mkoani Mtambile","Mtakakaa","Mkoani Mtambile mtakakaa"
"Kusini Pemba","Mkoani","Mtambile","Sokoni",1122,"Mtambile","Mkoani Mtambile","Sokoni","Mkoani Mtambile sokoni"
"Kusini Pemba","Mkoani","Mtambile","Muwanda",438,"Mtambile","Mkoani Mtambile","Muwanda","Mkoani Mtambile muwanda"
"Kusini Pemba","Mkoani","Mtambile","Kichunjuu",546,"Mtambile","Mkoani Mtambile","Kichunjuu","Mkoani Mtambile kichunjuu"
"Kusini Pemba","Mkoani","Mizingani","Jambangome",892,"Mizingani","Mkoani Mizingani","Jambangome","Mkoani Mizingani jambangome"
"Kusini Pemba","Mkoani","Mizingani","Mizingani",736,"Mizingani","Mkoani Mizingani","Mizingani","Mkoani Mizingani mizingani"
"Kusini Pemba","Mkoani","Ngwachani","Mkungu",767,"Ngwachani","Mkoani Ngwachani","Mkungu","Mkoani Ngwachani mkungu"
"Kusini Pemba","Mkoani","Ngwachani","Tangaani",372,"Ngwachani","Mkoani Ngwachani","Tangaani","Mkoani Ngwachani tangaani"
"Kusini Pemba","Mkoani","Ngwachani","Maweni",752,"Ngwachani","Mkoani Ngwachani","Maweni","Mkoani Ngwachani maweni"
"Kusini Pemba","Mkoani","Ngwachani","Ngwachani",882,"Ngwachani","Mkoani Ngwachani","Ngwachani","Mkoani Ngwachani ngwachani"
"Kusini Pemba","Mkoani","Ngwachani","Kuyuni",338,"Ngwachani","Mkoani Ngwachani","Kuyuni","Mkoani Ngwachani kuyuni"
"Kusini Pemba","Mkoani","Chambani","Mapape",982,"Chambani","Mkoani Chambani","Mapape","Mkoani Chambani mapape"
"Kusini Pemba","Mkoani","Chambani","Chaka la Kati",733,"Chambani","Mkoani Chambani","Chaka la Kati","Mkoani Chambani chaka la kati"
"Kusini Pemba","Mkoani","Chambani","Matele",1334,"Chambani","Mkoani Chambani","Matele","Mkoani Chambani matele"
"Kusini Pemba","Mkoani","Chambani","Kekewani",1571,"Chambani","Mkoani Chambani","Kekewani","Mkoani Chambani kekewani"
"Kusini Pemba","Mkoani","Chambani","Tondooni",505,"Chambani","Mkoani Chambani","Tondooni","Mkoani Chambani tondooni"
"Kusini Pemba","Mkoani","Chambani","Tumbini",969,"Chambani","Mkoani Chambani","Tumbini","Mkoani Chambani tumbini"
"Kusini Pemba","Mkoani","Wambaa","Kwa Azani",1551,"Wambaa","Mkoani Wambaa","Kwa Azani","Mkoani Wambaa kwa azani"
"Kusini Pemba","Mkoani","Wambaa","Wambaa",693,"Wambaa","Mkoani Wambaa","Wambaa","Mkoani Wambaa wambaa"
"Kusini Pemba","Mkoani","Wambaa","Mialeni",306,"Wambaa","Mkoani Wambaa","Mialeni","Mkoani Wambaa mialeni"
"Kusini Pemba","Mkoani","Wambaa","Msiakwe",374,"Wambaa","Mkoani Wambaa","Msiakwe","Mkoani Wambaa msiakwe"
"Kusini Pemba","Mkoani","Wambaa","Ziwani",347,"Wambaa","Mkoani Wambaa","Ziwani","Mkoani Wambaa ziwani"
"Kusini Pemba","Mkoani","Mbuguani","Tironi",610,"Mbuguani","Mkoani Mbuguani","Tironi","Mkoani Mbuguani tironi"
"Kusini Pemba","Mkoani","Mbuguani","Kilima Upendo",355,"Mbuguani","Mkoani Mbuguani","Kilima Upendo","Mkoani Mbuguani kilima upendo"
"Kusini Pemba","Mkoani","Mbuguani","Mbuguani",759,"Mbuguani","Mkoani Mbuguani","Mbuguani","Mkoani Mbuguani mbuguani"
"Kusini Pemba","Mkoani","Uweleni","Kinyasini",446,"Uweleni","Mkoani Uweleni","Kinyasini","Mkoani Uweleni kinyasini"
"Kusini Pemba","Mkoani","Uweleni","Uweleni",1511,"Uweleni","Mkoani Uweleni","Uweleni","Mkoani Uweleni uweleni"
"Kusini Pemba","Mkoani","Uweleni","Mapinduzi",581,"Uweleni","Mkoani Uweleni","Mapinduzi","Mkoani Uweleni mapinduzi"
"Kusini Pemba","Mkoani","Mtangani","Mtangani",1082,"Mtangani","Mkoani Mtangani","Mtangani","Mkoani Mtangani mtangani"
"Kusini Pemba","Mkoani","Mtangani","Chwaka",956,"Mtangani","Mkoani Mtangani","Chwaka","Mkoani Mtangani chwaka"
"Kusini Pemba","Mkoani","Mtangani","Kichaka",1160,"Mtangani","Mkoani Mtangani","Kichaka","Mkoani Mtangani kichaka"
"Kusini Pemba","Mkoani","Ukutini","Miamboni",518,"Ukutini","Mkoani Ukutini","Miamboni","Mkoani Ukutini miamboni"
"Kusini Pemba","Mkoani","Ukutini","Ukutini",1083,"Ukutini","Mkoani Ukutini","Ukutini","Mkoani Ukutini ukutini"
"Kusini Pemba","Mkoani","Ukutini","Chanjaani",767,"Ukutini","Mkoani Ukutini","Chanjaani","Mkoani Ukutini chanjaani"
"Kusini Pemba","Mkoani","Ukutini","Nzisiwe",378,"Ukutini","Mkoani Ukutini","Nzisiwe","Mkoani Ukutini nzisiwe"
"Kusini Pemba","Mkoani","Chumbageni","Chumbageni",1700,"Chumbageni","Mkoani Chumbageni","Chumbageni","Mkoani Chumbageni chumbageni"
"Kusini Pemba","Mkoani","Chumbageni","Tumbi",660,"Chumbageni","Mkoani Chumbageni","Tumbi","Mkoani Chumbageni tumbi"
"Kusini Pemba","Mkoani","Chumbageni","Andikoni",219,"Chumbageni","Mkoani Chumbageni","Andikoni","Mkoani Chumbageni andikoni"
"Kusini Pemba","Mkoani","Mbuyuni","Makadara",454,"Mbuyuni","Mkoani Mbuyuni","Makadara","Mkoani Mbuyuni makadara"
"Kusini Pemba","Mkoani","Mbuyuni","Kikwajuni",367,"Mbuyuni","Mkoani Mbuyuni","Kikwajuni","Mkoani Mbuyuni kikwajuni"
"Kusini Pemba","Mkoani","Mbuyuni","Mjini Mkoani",523,"Mbuyuni","Mkoani Mbuyuni","Mjini Mkoani","Mkoani Mbuyuni mjini mkoani"
"Kusini Pemba","Mkoani","Mbuyuni","Mbuyuni",539,"Mbuyuni","Mkoani Mbuyuni","Mbuyuni","Mkoani Mbuyuni mbuyuni"
"Kusini Pemba","Mkoani","Stahabu","Stahabu",389,"Stahabu","Mkoani Stahabu","Stahabu","Mkoani Stahabu stahabu"
"Kusini Pemba","Mkoani","Stahabu","Chanjani",1602,"Stahabu","Mkoani Stahabu","Chanjaani","Mkoani Stahabu chanjaani"
"Kusini Pemba","Mkoani","Stahabu","Kilimani",378,"Stahabu","Mkoani Stahabu","Kilimani","Mkoani Stahabu kilimani"
"Kusini Pemba","Mkoani","Kuukuu","Kinyasini",861,"Kuukuu","Mkoani Kuukuu","Kinyasini","Mkoani Kuukuu kinyasini"
"Kusini Pemba","Mkoani","Kuukuu","Kuu Kuu",1265,"Kuukuu","Mkoani Kuukuu","Kuukuu","Mkoani Kuukuu kuukuu"
"Kusini Pemba","Mkoani","Mjimbini","Sokoni",988,"Mjimbini","Mkoani Mjimbini","Sokoni","Mkoani Mjimbini sokoni"
"Kusini Pemba","Mkoani","Mjimbini","Mjimbini",868,"Mjimbini","Mkoani Mjimbini","Mjimbini","Mkoani Mjimbini mjimbini"
"Kusini Pemba","Mkoani","Mjimbini","Tanga",319,"Mjimbini","Mkoani Mjimbini","Tanga","Mkoani Mjimbini tanga"
"Kusini Pemba","Mkoani","Mjimbini","Tondooni",231,"Mjimbini","Mkoani Mjimbini","Tondooni","Mkoani Mjimbini tondooni"
"Kusini Pemba","Mkoani","Shamiani","Shamiani",951,"Shamiani","Mkoani Shamiani","Shamiani","Mkoani Shamiani shamiani"
"Kusini Pemba","Mkoani","Jombwe","Chanjaani",927,"Jombwe","Mkoani Jombwe","Chanjaani","Mkoani Jombwe chanjaani"
"Kusini Pemba","Mkoani","Jombwe","Mgombea",1209,"Jombwe","Mkoani Jombwe","Mgomea","Mkoani Jombwe mgomea"
"Kusini Pemba","Mkoani","Jombwe","Jombwe",876,"Jombwe","Mkoani Jombwe","Jombwe","Mkoani Jombwe jombwe"
"Kusini Pemba","Mkoani","Kendwa","Kitondooni",467,"Kendwa","Mkoani Kendwa","Kitondooni","Mkoani Kendwa kitondooni"
"Kusini Pemba","Mkoani","Kendwa","Vizuke",421,"Kendwa","Mkoani Kendwa","Vizuke","Mkoani Kendwa vizuke"
"Kusini Pemba","Mkoani","Kendwa","Junda Miti",1503,"Kendwa","Mkoani Kendwa","Jundamiti","Mkoani Kendwa jundamiti"
"Kusini Pemba","Mkoani","Kendwa","Nanguji",1721,"Kendwa","Mkoani Kendwa","Nanguji","Mkoani Kendwa nanguji"
"Kusini Pemba","Mkoani","Kendwa","Kendwa",384,"Kendwa","Mkoani Kendwa","Kendwa","Mkoani Kendwa kendwa"
"Kusini Pemba","Mkoani","Minazini","Mtadoda",464,"Minazini","Mkoani Minazini","Mtadoda","Mkoani Minazini mtadoda"
"Kusini Pemba","Mkoani","Minazini","Minazini",287,"Minazini","Mkoani Minazini","Minazini","Mkoani Minazini minazini"
"Kusini Pemba","Mkoani","Minazini","Mitatuni",276,"Minazini","Mkoani Minazini","Mitatuni","Mkoani Minazini mitatuni"
"Kusini Pemba","Mkoani","Minazini","Kivumoni",436,"Minazini","Mkoani Minazini","Kivumoni","Mkoani Minazini kivumoni"
"Kusini Pemba","Mkoani","Mgagadu","Ngezi",583,"Mgagadu","Mkoani Mgagadu","Ngezi","Mkoani Mgagadu ngezi"
"Kusini Pemba","Mkoani","Mgagadu","Mgagadu",512,"Mgagadu","Mkoani Mgagadu","Mgagadu","Mkoani Mgagadu mgagadu"
"Kusini Pemba","Mkoani","Mgagadu","Kilimni",972,"Mgagadu","Mkoani Mgagadu","Kilimni","Mkoani Mgagadu kilimni"
"Kusini Pemba","Mkoani","Mgagadu","Kalani",261,"Mgagadu","Mkoani Mgagadu","Kalani","Mkoani Mgagadu kalani"
"Kusini Pemba","Mkoani","Mkungu","Mkungu",734,"Mkungu","Mkoani Mkungu","Mkungu","Mkoani Mkungu mkungu"
"Kusini Pemba","Mkoani","Mkungu","Sipwese",638,"Mkungu","Mkoani Mkungu","Sipwese","Mkoani Mkungu sipwese"
"Kusini Pemba","Mkoani","Changaweni","Changaweni",929,"Changaweni","Mkoani Changaweni","Changaweni","Mkoani Changaweni changaweni"
"Kusini Pemba","Mkoani","Changaweni","Kwa Changawe",445,"Changaweni","Mkoani Changaweni","Kwa Changaawe","Mkoani Changaweni kwa changaawe"
"Kusini Pemba","Mkoani","Changaweni","Mtuhaliwa",488,"Changaweni","Mkoani Changaweni","Mtuhaliwa","Mkoani Changaweni mtuhaliwa"
