District,Shehia,subvillage,vacc_date,dogs_vaccinated,Cats_vaccinated,total_dog_estimate
Mkoani,Mbuguani,,31/05/2018,5,0,6
Mkoani,Changaweni,,31/05/2018,6,0,10
Mkoani,Minazini,,31/05/2018,12,0,12
Mkoani,Kukuu,,30/05/2018,8,0,8
Mkoani,Jombwe,,29/05/2018,14,0,14
Mkoani,Chole,,29/05/2018,11,0,16
Mkoani,Dodo,,28/05/2018,20,0,20
Mkoani,Mwambe,,29/05/2018,20,0,23
Mkoani,Kiwani,,29/05/2018,6,0,6
Mkoani,Makombeni,,31/05/2018,11,0,11
Mkoani,Ukutini,,28/05/2018,6,0,6
Mkoani,Shidi,,30/05/2018,8,0,8
Mkoani,Kendwa,,29/05/2018,9,0,9
Mkoani,Stahabu,,30/05/2018,15,0,15
Mkoani,Michenzani,,30/05/2018,13,0,15
Mkoani,Mbuyuni,,30/05/2018,7,0,9
Mkoani,Ng'ombeni,,31/05/2018,5,0,7
Mkoani,Mjimbini,,30/05/2018,20,0,27
Mkoani,Mkanyageni,,30/05/2018,14,0,16
Mkoani,Chokocho,,31/05/2018,6,0,8
Mkoani,Uweleni,,28/05/2018,6,0,8
Mkoani,Mtambile,,30/05/2018,1,0,1
Mkoani,Mkungu,,29/05/2018,12,0,13
Mkoani,Ngwachani,,29/05/2018,27,0,36
Mkoani,Kangani,,30/05/2018,16,0,18
Mkoani,Mgagadu,,28/05/2018,15,0,15
Mkoani,Mizingani,,28/05/2018,24,0,25
Mkoani,Wambaa,,28/05/2018,1,0,1
Mkoani,Chumbageni,,28/05/2018,25,0,40
Mkoani,Mtangani,,28/05/2018,6,0,9
Mkoani,Chambani,,28/05/2018,14,0,16
Mkoani,Kengeja,,29/05/2018,32,0,32
Chakechake,Kibokoni,,28/05/2018,18,0,18
Chakechake,Pujini,,29/05/2018,14,0,14
Chakechake,Wesha,,30/05/2018,16,0,16
Chakechake,Ngambwa,,30/05/2018,16,0,16
Chakechake,Dodo,,30/05/2018,19,0,20
Chakechake,Kichungwani,,31/05/2018,32,0,32
Chakechake,Wara,,31/05/2018,7,0,13
Chakechake,Mvumoni,,29/05/2018,33,0,33
Chakechake,Mfikia,,29/05/2018,6,0,6
Chakechake,Chanjaani,,29/05/2018,33,0,36
Chakechake,Matale,,29/05/2018,80,0,80
Chakechake,Mjini ole,,28/05/2018,18,0,18
Chakechake,Mchanga mrima,,28/05/2018,19,0,20
Chakechake,Mbuzini,,28/05/2018,0,0,16
Chakechake,Ole,,28/05/2018,49,0,54
Chakechake,Uwandani,,28/05/2018,24,0,26
Chakechake,Shungi,,28/05/2018,12,0,18
Chakechake,Chonga,,28/05/2018,26,0,27
Chakechake,Mgogoni,,28/05/2018,37,0,45
Chakechake,Vitongoji,,28/05/2018,30,0,30
Chakechake,Ng'ambwa,,31/05/2018,28,0,29
Chakechake,Ndagoni,,30/05/2018,31,0,45
Chakechake,Tibirizi,,30/05/2018,4,0,4
Chakechake,Wawi,,31/05/2018,80,0,86
Chakechake,Kwale,,28/05/2018,5,0,7
Chakechake,Ziwani,,28/05/2018,44,0,45
Chakechake,Gombani,,30/05/2018,3,0,3
Chakechake,Mgelema,,30/05/2018,1,0,6
Micheweni,Tumbe Magharibi,,4/6/2018,42,0,44
Micheweni,Msuka Magharibi,,5/6/2018,4,0,5
Micheweni,Muhogoni,,6/6/2018,17,0,17
Micheweni,Msuka Mashariki,,5/6/2018,11,0,13
Micheweni,Sizini,,4/6/2018,8,0,22
Micheweni,Wingwi Mapofu,,5/6/2018,19,0,20
Micheweni,Makangale,,6/6/2018,8,0,14
Micheweni,Kifundi,,6/6/2018,9,0,17
Micheweni,Kipange,,4/6/2018,13,0,28
Micheweni,Konde,,5/6/2018,28,0,36
Micheweni,Kiuyu,,6/6/2018,6,0,6
Wete,Utaani,,4/6/2018,3,0,3
Wete,Gando,,6/6/2018,31,0,43
Wete,Kinyasini,,4/6/2018,23,0,27
Wete,Mtambwe Kaskazini,,6/6/2018,50,0,52
Wete,Chanjaani,,6/6/2018,9,0,14
Wete,Kisiwani,,5/6/2018,18,0,26
Wete,Mlindo,,5/6/2018,22,0,22
Wete,Mlindo,,5/6/2018,4,0,4
Wete,Mlindo,,5/6/2018,7,0,7
Wete,Mlindo,,5/6/2018,2,0,2
Wete,Mlindo,,5/6/2018,6,0,6
Wete,Jadida,,4/6/2018,1,0,1
Wete,Piki,,5/6/2018,25,0,26
Wete,Mgogoni,,4/6/2018,37,0,48
Wete,Finya,,5/6/2018,10,0,10
Wete,Mtemani,,4/6/2018,9,0,16
Wete,Limbani,,4/6/2018,19,0,25
Wete,Kizimbani,,4/6/2018,8,0,13
Wete,Selemu,,4/6/2018,4,0,4
Wete,Pandani,,4/6/2018,37,0,42
Wete,Shengejuu,,4/6/2018,23,0,23
Wete,Maziwani,,4/6/2018,4,0,5
Wete,Kiungoni,,5/6/2018,5,0,5
Wete,Kinyikani,,5/6/2018,14,0,14
Wete,Mzambarau Takao,,5/6/2018,21,0,27
Wete,Junguni,,6/6/2018,35,0,67
Wete,Ukunjwi,,6/6/2018,14,0,15
Wete,Mjini kiuyu,,5/6/2018,11,0,14
Wete,Fundo,,7/6/2018,11,0,19
Mkoani,Mbuguani,Tironi,18/09/2017,21,0,21
Mkoani,Shidi,Mdwambani,18/09/2017,4,0,4
Mkoani,Stahabu,Mtakuja,18/09/2017,1,0,1
Mkoani,Michenzani,Kizungu,18/09/2017,13,0,13
Mkoani,Mbuyuni,Chakaani,18/09/2017,14,0,14
Mkoani,Ng'ombeni,Makombeni,18/09/2017,7,0,7
Mkoani,Mjimbini,Mijimbini,18/09/2017,38,0,38
Mkoani,Mkanyageni,Tasini,18/09/2017,26,0,26
Mkoani,Chokocho,Ulende,18/09/2017,10,0,10
Mkoani,Uweleni,Uweleni,18/09/2017,20,0,20
Mkoani,Mtambile,Pondeani,19/09/2017,21,0,21
Mkoani,Mkungu,Mahuduthi,19/09/2017,55,0,55
Mkoani,Ngwachani,Tangani,19/09/2017,33,0,33
Mkoani,Kangani,Shukeni,19/09/2017,57,0,57
Mkoani,Mizingani,Mizingani,19/09/2017,34,0,34
Mkoani,Wambaa,Msiyakwe,19/09/2017,4,0,4
Mkoani,Chumbageni,Kunani,19/09/2017,29,0,29
Mkoani,Mtangani,Ndambani,20/09/2017,5,0,5
Mkoani,Chambani,Tumbini,20/09/2017,22,0,22
Mkoani,Mtangani,Kiziwa,20/09/2017,4,0,4
Mkoani,Mizingani,Kichujuu,21/09/2017,24,0,25
Mkoani,Kengeja,Mbuni,21/09/2017,45,0,45
Mkoani,Mkungu,Mtule,21/09/2017,7,0,7
Mkoani,Kangani,Kijicho,21/09/2017,13,0,13
Micheweni,Msuka  Magharibi,Msuka,2/10/2017,46,0,54
Micheweni,Tumbe Magharibi,Mafueni,2/10/2017,37,0,48
Micheweni,Msuka Mashariki,Sebleni,2/10/2017,22,0,23
Micheweni,Majenzi,Kwale,2/10/2017,4,0,8
Micheweni,Sizini,Chanjaani,2/10/2017,0,0,16
Micheweni,Wingwi Mapofu,Mapofu ulaya,2/10/2017,12,0,19
Micheweni,Shumba Vyamboni,Shumba Vyamboni,3/10/2017,31,0,34
Micheweni,Njuguni,Michungani,3/10/2017,13,0,13
Micheweni,Tondooni,Mali kumi,3/10/2017,14,0,30
Micheweni,Makangale,Mishelini,3/10/2017,34,0,34
Micheweni,Chimba,Chimba kizomwe,3/10/2017,23,0,56
Micheweni,Kifundi,Kifundi ,3/10/2017,32,0,37
Micheweni,Kinowe,Chanjaani,3/10/2017,7,0,10
Micheweni,Konde,,3/10/2017,2,0,3
Micheweni,Shumba Mjini,S/mjini,3/10/2017,0,0,5
Micheweni,Maziwa Ng'ombe,Maziwa ng'ombe,3/10/2017,0,0,2
Micheweni,Kifundi,Maili tisa,4/10/2017,6,0,11
Micheweni,Kiuyu,Chuo kiislam,4/10/2017,5,0,13
Micheweni,Tondooni,,4/10/2017,6,0,32
Wete,Mgogoni,Kwale,9/10/2017,35,0,56
Wete,Finya,Finya selemu,9/10/2017,26,0,27
Wete,Mtemani,Bubujiko,9/10/2017,4,0,9
Wete,Limbani,Kwa kibeberu,9/10/2017,13,0,29
Wete,Kizimbani,Kizimbani,9/10/2017,0,0,5
Wete,Selemu,K/ndege,9/10/2017,3,0,4
Wete,Pembeni,Chawanyangombe,10/10/2017,9,0,23
Wete,Pandani,Masipa,10/10/2017,0,0,36
Wete,Shengejuu,Shengejuu,10/10/2017,3,0,3
Wete,Maziwani,Maziwani,10/10/2017,5,0,6
Wete,Chwale,Chwale,10/10/2017,12,0,12
Wete,Kiungoni,Kwa mwana ,10/10/2017,30,0,32
Wete,Kinyikani,Kinyikani,10/10/2017,6,0,14
Wete,Mzambarauni,Machengwe juu,10/10/2017,1,0,8
Wete,Junguni,Madaniwa,10/10/2017,6,0,28
Wete,Kipangani,Kipangani,10/10/2017,6,0,6
Wete,Ukunjwi,Ukunjwi,10/10/2017,23,0,37
Wete,Junguni,Hospital,10/10/2017,18,0,38
Wete,Kiuyu kigongoni,Kiuyu kigongoni,10/10/2017,2,0,2
Wete,Shengejuu,Masota,11/10/2017,6,0,6
Wete,Limbani,Weni,11/10/2017,2,0,2
Wete,Fundo,Ndooni,12/10/2017,22,0,36
Chakechake,Shungi,Limani,25/09/2017,37,0,39
Chakechake,Chachani,Msingini,25/09/2017,2,0,2
Chakechake,Mvumoni,Mbuyuni,25/09/2017,21,0,23
Chakechake,Chanjaani,Msikitini ,25/09/2017,9,0,10
Chakechake,Matale,Matale,25/09/2017,38,0,40
Chakechake,Mjini Ole,Mjini ole,25/09/2017,14,0,18
Chakechake,Mbuzini,Sokoni,25/09/2017,6,0,6
Chakechake,Ole,Vumba,25/09/2017,84,0,88
Chakechake,Uwandani,Uwandani,25/09/2017,14,0,18
Chakechake,Chonga,Melinne,26/09/2017,18,0,18
Chakechake,Mgelema,Zstc,26/09/2017,2,0,2
Chakechake,Mgogoni,Chanjaani,26/09/2017,66,0,74
Chakechake,Kilindini,Kilindi,26/09/2017,1,0,4
Chakechake,Kumvini,Mtimbu,27/09/2017,33,0,34
Chakechake,Ole,Kanambe,27/09/2017,10,0,11
Chakechake,Ng'ambwa,Vikunguni,27/09/2017,19,0,21
Chakechake,Ndagoni,Kichanjani,27/09/2017,29,0,31
Chakechake,Tibirizi,Ponogani,27/09/2017,7,0,7
Chakechake,Wawi,Mtemani,28/09/2017,62,0,70
Chakechake,Mchungwani,Tumbatu,28/09/2017,1,0,1
Chakechake,Mfikiwa,Kwa mahita,28/09/2017,5,0,5
Chakechake,Kwale,Kwale,28/09/2017,1,0,3
Chakechake,Kilindi,Papani,28/09/2017,5,0,6
Chakechake,Madungu,Kwa bihasina,28/09/2017,4,0,4
Chakechake,Ng'mbwa,Ng'mbwa,28/09/2017,11,0,11
Chakechake,Tibirinzi,Pondeni,28/09/2017,16,0,17
Chakechake,Chonga,Ch'wiri gereji,28/09/2017,12,0,13
Chakechake,Ziwani,Uwelezo,28/09/2017,28,0,29
Chakechake,Wawi,Mtemani,29/09/2017,25,0,26
Micheweni,Kifundi,Adeni,20/12/2014,64,0,
Micheweni,Finya,Baharini,16/12/2014,46,2,
Micheweni,Chimba,Bule,16/12/2014,21,0,
Micheweni,Kinyasini,Bungala,16/12/2014,20,0,
Micheweni,Micheweni,Chaleni,19/12/2014,25,0,
Micheweni,Msuka Mashariki,Chaleni,16/12/2014,24,0,
Micheweni,Msuka Magharibi,Chanjaani,16/12/2014,12,0,
Micheweni,Kinowe,Chanjaani,16/12/2014,18,2,
Micheweni,Konde,Chonja,17/12/2014,42,1,
Micheweni,Sizini,Chwaka,16/12/2014,16,0,
Micheweni,Wingwi Njuguni,Dodeani,16/12/2014,14,0,
Micheweni,Tondooni,Gari moshi,16/12/2014,28,0,
Micheweni,Maziwa Ng'ombe,Kadhahari,17/12/2014,16,1,
Micheweni,Makangale,Kanisani,15/12/2014,49,0,
Micheweni,Mlindo,Kibendera,20/12/2014,27,0,
Micheweni,Mihogoni,Kibubunzi,20/12/2014,10,0,
Micheweni,Shumba Viamboni,Kichangani,16/12/2014,23,0,
Micheweni,Mtemani,Kidodi,16/12/2014,20,0,
Micheweni,Tumbe Magharibi,Kidutani,16/12/2014,15,0,
Micheweni,Kiuyu Mbuyuni,Kiuyu,16/12/2014,13,1,
Micheweni,Majenzi,Kwa Sharif,19/12/2014,2,0,
Micheweni,Mgogoni,Kwale Gongo,16/12/2014,19,0,
Micheweni,Wingwi Mjananza,Mjananza,18/12/2014,5,0,
Micheweni,Shumba Mjini,Mzambarauni,19/12/2014,11,0,
Micheweni,Tumbe Mashariki,Nujao,16/12/2014,9,0,
Micheweni,Wingwi Mapofu,Ruwi,16/12/2014,20,1,
Wete,Kizimbani,Baghani,8/12/2014,18,4,
Wete,Jadida,Block 2,8/12/2014,20,0,
Wete,Bopwe,Bopwe,8/12/2014,9,0,
Wete,Ukunjwi,Buyuni,8/12/2014,51,0,
Wete,Utaani,Chasasa,12/12/2014,14,0,
Wete,Kiungoni,Choni,9/12/2014,17,0,
Wete,Chwale,Chwale,10/12/2014,4,0,
Wete,Mtambwe Kusini,Daya,11/12/2014,58,0,
Wete,Ole,Dodo,8/12/2014,51,0,
Wete,Mtambwe Kaskazini,Fundo ,11/12/2014,104,0,
Wete,Gando,Gando,8/12/2014,20,0,
Wete,Kinyikani,Hindi,10/12/2014,35,0,
Wete,Junguni,Junguni,8/12/2014,28,0,
Wete,Kangagani,Kangagani,8/12/2014,3,0,
Wete,Kambini,Kichokoche,10/12/2014,5,0,
Wete,Limbani,Kifoi,8/12/2014,46,1,
Wete,Kiuyu Kigongoni,Kigongoni,10/12/2014,4,0,
Wete,Pandani,Kilimni,9/12/2014,37,0,
Wete,Fundo,Kimeleani,11/12/2014,25,0,
Wete,Kisiwani,Kisiwani,8/12/2014,29,0,
Wete,Mchanga Mdogo,Kiwani,10/12/2014,8,0,
Wete,Fundo,Mabaoni,11/11/2014,5,0,
Wete,Mzambarauni Takao,Machengwe,12/12/2014,27,0,
Wete,Piki,Matuuni,12/12/2014,23,0,
Wete,Maziwani,Maziwani,8/12/2014,9,0,
Wete,Mjini Ole,Mjini Ole,12/12/2014,10,0,
Micheweni,Mtemani,Mtemani,8/12/2014,42,0,
Wete,Pembeni,Pembeni,9/12/2014,8,0,
Wete,Selem,Selemu,8/12/2014,6,1,
Wete,Shengejuu,Shengejuu,9/12/2014,2,0,
Mkoani,Mizingani,Angola,6/12/2014,40,0,
Mkoani,Mkungu,Bomani,1/12/2014,25,0,
Mkoani,Kiwani,Bomani,1/12/2014,5,0,
Mkoani,Muambe,Bwegeza,1/12/2014,18,0,
Mkoani,Ukutini,Chanjaani,6/12/2014,19,0,
Mkoani,Chumbageni,Chumbageni,2/12/2014,33,5,
Mkoani,Changaweni,Chungu,3/12/2014,8,0,
Mkoani,Ng'ombeni,Jondeni,3/12/2014,28,0,
Mkoani,Mtambile,Jonza,3/12/2014,35,0,
Mkoani,Kengeja,Kaani,1/12/2014,35,0,
Mkoani,Ngwachani,Kalani,2/12/2014,47,0,
Mkoani,Makombeni,Katuweni,3/12/2014,10,0,
Mkoani,Kendwa,Kendwa,1/12/2014,5,2,
Mkoani,Mtangani,Kichaka,6/12/2014,13,0,
Mkoani,Chokocho,Kifumke,3/12/2014,15,0,
Mkoani,Mjimbini,Kigongoni,1/12/2014,46,0,
Mkoani,Mgagadu,Kilimni,1/12/2014,12,0,
Mkoani,Stahabu,Kilimani,3/12/2014,17,0,
Mkoani,Uweleni,Kindani,6/12/2014,15,0,
Mkoani,Kuukuu,Kinyasini,6/12/2014,22,0,
Mkoani,Michenzani,Magombani,4/12/2014,40,2,
Mkoani,Chambani,Mapape,2/12/2014,15,0,
Mkoani,Mbuyuni,Mbuyuni,3/12/2014,11,0,
Mkoani,Kangani,Mgongia,6/12/2014,33,0,
Mkoani,Minazini,Mikinduni,2/12/2014,26,0,
Mkoani,Mkanyageni,Mkanyageni,4/12/2014,42,0,
Mkoani,Kengeja,Njiweni,1/12/2014,15,1,
Mkoani,Shidi,Shidi,4/12/2014,6,0,
Chakechake,Vitongoji,Changuo,11/12/2013,29,0,
Chakechake,Chanjaani,Chanjamjawiri,11/12/2013,26,0,
Chakechake,Shungi,Chuchuu,11/12/2013,4,0,
Chakechake,Mfikiwa,"Furaha,Mbuyuni",13/11/2013,25,1,
Chakechake,Kwale,Kikuchuni,13/11/2013,3,0,
Chakechake,Kilindi,"Kilindi,shungi",13/11/2013,13,8,
Chakechake,Wawi,Kisumzi,11/12/2013,8,0,
Chakechake,Matale,"Limani,Mchungani",13/11/2013,29,0,
Chakechake,Mgogoni,Mgogoni,13/11/2013,5,0,
Chakechake,Ng'ambwa,Ngomahazi,13/11/2013,18,0,
Chakechake,Pujini,Pujini,11/12/2013,0,9,
Chakechake,Tibirinzi,Tibirinzi,11/12/2013,31,0,
Chakechake,Wesha,Tondooni,11/12/2013,8,0,
Chakechake,Ziwani,Ziwani,11/12/2013,41,2,
Mkoani,Chambani,Chambani,11/11/2013,18,1,
Mkoani,Changaweni,Changaweni,11/12/2013,30,1,
Mkoani,Kengeja,Chole,11/11/2013,39,0,
Mkoani,Chumbageni,Chumbageni,16/01/2014,16,0,
Mkoani,Mizingani,Chumbageni,11/11/2013,47,0,
Mkoani,Kiwani,Jondeni,11/12/2013,21,0,
Mkoani,Mkanyageni,Jundamiti,11/12/2013,27,0,
Mkoani,Kangani,Kangani,11/12/2013,19,0,
Mkoani,Kendwa,Kendwa,11/11/2013,1,0,
Mkoani,Makombeni,Kifumkwe,11/12/2013,17,0,
Mkoani,Stahabu,Kilimani,15/01/2014,4,0,
Mkoani,Minazini,Kiumodomo,11/11/2013,5,0,
Mkoani,Chokocho,Kizimba,15/01/2014,16,0,
Mkoani,Kuukuu,Kukuu,11/12/2013,30,8,
Mkoani,Mkungu,Kwa mgogo,16/01/2014,10,0,
Mkoani,Michenzani,Mabofu,15/01/2014,8,0,
Mkoani,Mkungu,Mahudusi,11/11/2013,7,0,
Mkoani,Chambani,Mapape,15/01/2014,32,2,
Mkoani,Mbuguani,Mbuguani,11/12/2013,8,1,
Mkoani,Mgagadu,Mgagadu,11/11/2013,0,1,
Mkoani,Kendwa,Mikanduni,15/01/2014,7,0,
Mkoani,Mjimbini,Mjimbini,11/12/2013,24,3,
Mkoani,Mtangani,Mtangani,11/11/2013,7,0,
Mkoani,Muambe,Muambe,11/11/2013,8,0,
Mkoani,Muambe,Mwambe,16/01/2014,3,0,
Mkoani,Ukutini,Ndaani,15/01/2014,2,0,
Mkoani,Mkanyageni,Ngomani,15/01/2014,22,0,
Mkoani,Ng'ombeni,Ng'ombeni,11/12/2013,21,0,
Mkoani,Ngwachani,Ngwachani,11/11/2013,18,1,
Mkoani,Mtambile,Pondeani,11/11/2013,13,2,
Mkoani,Shidi,Shidi,11/12/2013,3,0,
Mkoani,Mizingani,Skuli,15/01/2014,5,0,
Mkoani,Michenzani,Takao,11/12/2013,6,0,
Mkoani,Ukutini,Ukutini,11/11/2013,23,2,
Mkoani,Uweleni,Uweleni,11/12/2013,9,0,
Wete,Limbani,Angola,27/01/2014,19,0,
Wete,Bopwe,Bopwe,13/11/2013,17,0,
Wete,Piki,Bwagamoyo,13/11/2013,13,0,
Wete,Junguni,Chanje,29/01/2014,21,0,
Wete,Limbani,Chasasa,14/11/2013,33,0,
Wete,Junguni,Chozi,15/11/2013,33,0,
Wete,Mtambwe Kusini,Daya,28/01/2014,24,0,
Wete,Gando,Gando,13/11/2013,21,3,
Wete,Kinyikani,Hindi,28/01/2014,14,1,
Wete,Jadida,Jadida,28/01/2014,20,0,
Wete,Mtambwe Kaskazini,Jambaji,14/11/2013,56,0,
Wete,Kambini,Kambini,14/11/2013,10,0,
Wete,Kangagani,Kangagani,14/11/2013,4,0,
Wete,Ole,Kianga,27/01/2014,9,0,
Wete,Kisiwani,Kisiwani,13/11/2013,31,0,
Wete,Mtambwe Kusini,Kinazini,13/11/2013,17,0,
Wete,Kinyikani,Kinyikani,13/11/2013,19,0,
Wete,Kipangani,Kipangani,13/11/2013,2,0,
Wete,Kiungoni,Kiungoni,14/11/2013,21,0,
Wete,Kizimbani,Kizimbani,13/11/2013,4,0,
Wete,Selem,Laini,13/11/2013,7,0,
Wete,Kipangani,M/Mmoja,29/01/2014,0,1,
Wete,Kiuyu Kigongoni,Maambani,27/01/2014,4,0,
Wete,Mzambarauni Takao,Machengwe,14/11/2013,33,0,
Wete,Pandani,Masipa,27/01/2014,7,0,
Wete,Piki,Matuuni,28/01/2014,8,0,
Wete,Maziwani,Maziwani,14/11/2013,2,0,
Wete,Mjini Ole,Mjini Ole,14/11/2013,5,0,
Wete,Chwale,Mwane,14/11/2013,10,0,
Wete,Ole,Ole,14/11/2013,27,1,
Wete,Pandani,Pandani,14/11/2013,25,1,
Wete,Ukunjwi,Ukunjwi,13/11/2013,35,0,
Micheweni,Finya,Bahrani,15/11/2013,29,2,
Micheweni,Kifundi,Bule,4/2/2014,46,1,
Micheweni,Msuka Magharibi,Chanjaani,14/11/2013,10,1,
Micheweni,Kinowe,Chanjaani,14/11/2013,6,1,
Micheweni,Shumba Viamboni,Chimba,15/11/2013,14,5,
Micheweni,Chimba,Chimba,5/2/2014,1,7,
Micheweni,Wingwi Mapofu,Chonja,3/2/2014,24,2,
Micheweni,Chimba,Fadha,14/11/2013,13,2,
Micheweni,Makangale,Jiwe moja,14/11/2013,59,0,
Micheweni,Konde,K/Manda,14/11/2013,7,0,
Micheweni,Maziwa Ng'ombe,Kibendera,4/2/2014,21,0,
Micheweni,Msuka Mashariki,Kichaka,14/11/2013,10,1,
Micheweni,Mtemani,Kidodo,14/11/2013,4,0,
Micheweni,Sizini,Kijichame,15/11/2013,10,1,
Micheweni,Kinyasini,Kinyasini,15/11/2013,12,2,
Micheweni,Kifundi,Kipangani,14/11/2013,40,5,
Micheweni,Kiuyu Mbuyuni,Kiuyu,5/2/2014,5,0,
Micheweni,Tumbe Mashariki,Mashariki,15/11/2013,21,0,
Micheweni,Mgogoni,Mgogni,14/11/2013,15,4,
Micheweni,Tondooni,Mkiang'ombe,3/2/2014,23,1,
Micheweni,Msuka Mashariki,Msuka,4/2/2014,11,0,
Micheweni,Msuka Magharibi,Msuka,4/2/2014,12,0,
Micheweni,Wingwi Mapofu,Ruwi Kinazini,14/11/2013,15,0,
Micheweni,Shumba Viamboni,Shumba,4/2/2014,6,0,
Micheweni,Tondooni,Tondooni,14/11/2013,13,2,
Micheweni,Tumbe Magharibi,Tumbe,15/11/2013,17,0,
Wete,Bopwe,,24/06/2012,8,4,
Wete,Jadida,,24/06/2012,24,1,
Wete,Junguni,,23/06/2012,7,0,
Wete,Kisiwani,,25/06/2012,18,4,
Wete,Kiungoni,,25/06/2012,1,0,21
Wete,Kizimbani,,30/06/2012,12,3,
Wete,Limbani,,24/06/2012,8,0,44
Wete,Maziwani,,2/7/2012,7,0,7
Wete,Mtambwe Kusini,,30/06/2012,97,30,
Wete,Mzambarauni Takao,,25/06/2012,10,1,
Wete,Piki,,25/06/2012,12,3,
Wete,Selem,,30/06/2012,5,0,
Wete,Shengejuu,,25/06/2012,2,0,21
Wete,Ukunjwi,,23/06/2012,34,5,88
Micheweni,Kifundi,,25/06/2012,60,14,77
Micheweni,Kinyasini,,27/06/2012,15,3,56
Micheweni,Kiuyu Mbuyuni,,7/7/2012,7,0,44
Micheweni,Makangale,,24/06/2012,47,2,106
Micheweni,Mgogoni,,30/06/2012,35,4,79
Micheweni,Micheweni,,7/7/2012,7,0,30
Micheweni,Msuka Magharibi,,21/06/2012,19,7,44
Micheweni,Msuka Mashariki,,21/06/2012,28,3,66
Micheweni,Shumba Viamboni,,1/7/2012,20,5,48
Micheweni,Sizini,,2/7/2012,9,0,27
Micheweni,Tondooni,,23/06/2012,52,2,68
Micheweni,Tumbe Magharibi,,2/7/2012,14,0,21
Micheweni,Tumbe Mashariki,,2/7/2012,4,0,25
Micheweni,Wingwi Njuguni,,1/7/2012,9,0,26
Micheweni,Wingwi Mapofu,,1/7/2012,7,0,22
Mkoani,Chambani,,23/06/2012,6,0,70
Mkoani,Chokocho,,24/06/2012,10,3,45
Mkoani,Chumbageni,,29/06/2012,9,0,101
Mkoani,Jombwe,,22/06/2012,1,0,2
Mkoani,Kangani,,24/06/2012,18,1,43
Mkoani,Kendwa,,22/06/2012,8,0,32
Mkoani,Kengeja,,2/7/2012,12,0,36
Mkoani,Kiwani,,28/09/2012,3,0,19
Mkoani,Kuukuu,,24/06/2012,16,7,70
Mkoani,Makombeni,,24/06/2012,5,0,10
Mkoani,Mbuguani,,21/06/2012,9,4,32
Mkoani,Mbuyuni,,21/06/2012,13,2,46
Mkoani,Michenzani,,24/06/2012,1,2,39
Mkoani,Minazini,,1/7/2012,12,0,29
Mkoani,Mizingani,,1/7/2012,2,0,13
Mkoani,Mjimbini,,24/06/2012,0,3,43
Mkoani,Mkanyageni,,24/06/2012,5,0,28
Mkoani,Mkungu,,28/09/2012,13,0,36
Mkoani,Mtambile,,1/7/2012,21,1,29
Mkoani,Mtangani,,28/09/2012,4,0,34
Mkoani,Muambe,,2/7/2012,3,0,22
Mkoani,Ngwachani,,1/7/2012,5,0,61
Mkoani,Ukutini,,23/06/2012,17,0,34
Mkoani,Uweleni,,24/06/2012,2,1,23
Mkoani,Wambaa,,21/06/2012,15,0,36
Chakechake,Chonga,,24/06/2012,19,0,51
Chakechake,Mvumoni,,24/06/2012,11,0,33
Chakechake,Chanjaani,,1/7/2012,13,0,47
Chakechake,Kilindi,,7/7/2012,9,5,46
Chakechake,Matale,,25/06/2012,21,0,44
Chakechake,Mbuzini,,2/7/2012,11,0,
Chakechake,Mfikiwa,,1/7/2012,10,0,20
Chakechake,Mgogoni,,24/06/2012,16,0,79
Chakechake,Msingini,,23/06/2012,14,0,5
Chakechake,Mvumoni,,24/06/2012,13,1,33
Chakechake,Ng'ambwa,,23/06/2012,12,2,63
Chakechake,Tibirinzi,,21/06/2012,21,0,38
Chakechake,Uwandani,,30/06/2012,7,3,16
Chakechake,Wara,,21/06/2012,62,0,17
Chakechake,Wawi,,22/06/2012,10,2,44
Chakechake,Wesha,,30/06/2012,8,0,20
Chakechake,Ziwani,,23/06/2012,17,2,53
Mkoani,Chambani,,6/5/2011,1,1,
Mkoani,Chokocho,,29/04/2011,3,2,
Mkoani,Chumbageni,,30/04/2011,4,0,
Mkoani,Jombwe,,6/5/2011,1,0,
Mkoani,Kangani,,29/04/2011,3,0,
Mkoani,Kendwa,,6/5/2011,6,0,
Mkoani,Kengeja,,3/5/2011,6,0,
Mkoani,Kiwani,,1/5/2011,2,0,
Mkoani,Kuukuu,,29/04/2011,3,2,
Mkoani,Makombeni,,29/04/2011,2,0,
Mkoani,Mbuyuni,,3/5/2011,6,0,
Mkoani,Michenzani,,29/04/2011,1,2,
Mkoani,Minazini,,30/04/2011,4,0,
Mkoani,Mizingani,,30/04/2011,2,0,
Mkoani,Mjimbini,,29/04/2011,0,2,
Mkoani,Mkanyageni,,29/04/2011,3,0,
Mkoani,Mkungu,,2/5/2011,4,0,
Mkoani,Mtambile,,30/04/2011,8,1,
Mkoani,Mtangani,,1/5/2011,2,0,
Mkoani,Muambe,,5/5/2011,3,0,
Mkoani,Ngwachani,,2/5/2011,2,0,
Mkoani,Ukutini,,6/5/2011,5,0,
Mkoani,Uweleni,,29/04/2011,2,1,
Mkoani,Wambaa,,3/5/2011,5,0,
Chakechake,Chanjaani,,3/5/2011,9,0,
Chakechake,Pujini,,5/5/2011,12,1,
Chakechake,Tibirinzi,,5/5/2011,14,0,
Chakechake,Wara,,30/04/2011,26,6,
Chakechake,Wawi,,29/04/2011,74,10,
Micheweni,Finya,,29/04/2011,32,8,
Micheweni,Kinyasini,,30/04/2011,12,2,
Micheweni,Kifundi,,2/5/2011,31,6,
Micheweni,Makangale,,3/5/2011,29,2,
Micheweni,Tumbe Mashariki,,4/5/2011,21,0,
Micheweni,Wingwi Njuguni,,5/5/2011,6,4,
Wete,Bopwe,,29/04/2011,21,5,
Wete,Gando,,3/5/2011,30,8,
Wete,Junguni,,4/5/2011,33,4,
Wete,Mtambwe Kaskazini,,5/5/2011,118,4,
Wete,Mtambwe Kusini,,6/5/2011,23,4,
Wete,Ukunjwi,,2/5/2011,53,7,
Chakechake,Wawi,Branch,9/12/2014,65,0,
Chakechake,Ndagoni,Buyuni,9/12/2014,10,0,
Chakechake,Matale,Ch/Mjawiri,11/12/2014,22,1,
Chakechake,Vitongoji,Changawe,12/12/2014,43,0,
Chakechake,Mbuzini,Chanjaani,11/12/2014,9,0,
Chakechake,Chanjaani,Chanjaani,12/12/2014,70,0,
Chakechake,Chonga,Chonga,10/12/2014,11,0,
Chakechake,Mgogoni,Ditia,9/12/2014,24,0,
Chakechake,Pujini,Dodo,11/12/2014,17,0,
Chakechake,Ng'ambwa,Dutani,15/12/2014,63,1,
Chakechake,Mvumoni,Furaha,10/12/2014,46,0,
Chakechake,Uwandani,Gongoni,9/12/2014,31,2,
Chakechake,Kilindi,Goyonawe,12/12/2014,22,0,
Chakechake,Wesha,Kaole,8/12/2014,6,0,
Chakechake,Kichungwani,Kichungwani,8/12/2014,10,0,
Chakechake,Shungi,Kichungwani,8/12/2014,19,2,
Chakechake,Tibirinzi,Kidarajani,8/12/2014,51,0,
Chakechake,Ziwani,M/Kwale,11/12/2014,5,0,
Chakechake,Wara,Machomane,10/12/2014,16,0,
Chakechake,Kibokoni,Makaani,9/12/2014,19,0,
Chakechake,Msingini,Mchaeni,8/12/2014,5,0,
Chakechake,Kwale,Miburani,11/12/2014,1,0,
Chakechake,Mkoroshoni,Mkoroshoni,11/12/2014,1,0,
Chakechake,Wesha,Mshangama,8/12/2014,3,4,
Chakechake,Ziwani,Welezo,11/12/2014,39,0,
Chakechake,Chanjaani,Chanjaani,23/01/2014,2,0,
Chakechake,Chonga,Chonga,20/01/2014,8,0,
Chakechake,Dodo,Dodo,23/01/2014,10,0,
Chakechake,Kichungwani,Kichungwani,23/01/2014,6,0,
Chakechake,Madungu,Madungu,23/01/2014,7,0,
Chakechake,Mbuzini,Mbuzini,23/01/2014,25,0,
Chakechake,Mfikiwa,Mfikiwa,23/01/2014,4,1,
Chakechake,Mgelema,Mgelema,25/01/2014,7,0,
Chakechake,Mkoroshoni,Mkoroshoni,21/01/2014,2,0,
Chakechake,Msingini,Msingini,22/01/2014,6,0,
Chakechake,Wesha,Ndagoni,25/01/2014,6,0,
Chakechake,Uwandani,Uwandani,25/01/2014,9,0,
Chakechake,Vitongoji,Vitongoji,25/01/2014,19,0,
Chakechake,Wara,Wara,22/01/2014,1,0,
Chakechake,Wawi,Wawi,21/01/2014,54,1,
Chakechake,Wesha,Wesha,25/01/2014,5,0,
Chakechake,Ziwani,Ziwani,22/01/2014,11,2,
Micheweni,Maziwa Ng'ombe,maziwang'ombe,26/09/2016,11,0,
Micheweni,Chimba,Chimba,27/09/2016,42,18,
Micheweni,Kifundi,Kifundi,25/09/2016,20,0,
Micheweni,Kipangani,Kipangani,25/09/2016,24,1,
Micheweni,Kiuyu,Kiuyu,26/09/2016,12,1,
Micheweni,Konde,Kipange,25/09/2016,18,2,
Micheweni,Konde,Kiuyu/manda,25/09/2016,30,10,
Micheweni,Konde,Konde,26/09/2016,9,0,
Micheweni,Majenzi,Majenzi,24/09/2016,18,0,
Micheweni,Makangale,Makangale,25/09/2016,59,2,
Micheweni,Mapofu,Mapofu,27/09/2016,18,0,
Micheweni,Mapofu,Wingwi,27/09/2016,36,0,
Micheweni,Micheweni,Micheweni,24/09/2016,27,0,
Micheweni,Mihogoni,Mihogoni,24/09/2016,7,2,
Micheweni,Mjiniwingwi,Mjiniwingwi,26/09/2016,7,0,
Micheweni,Msuka Mashariki,Msuka -East,26/09/2016,13,0,
Micheweni,Msuka Magharibi,Msuka -West,27/09/2016,45,1,
Micheweni,Shumba Vyamboni,Shumba vyamboni,25/09/2016,47,0,
Micheweni,Sizini,Sizini,24/09/2016,49,4,
Micheweni,Tondooni,Tondooni,24/09/2016,20,0,
Micheweni,Tumbe,Tumbe,26/09/2016,17,0,
Wete,Bopwe,Bopwe,21/09/2016,11,0,
Wete,Chwale,Chwale,20/09/2016,4,0,
Wete,Finya,Finya,20/09/2016,30,0,
Wete,Fundo,Fundo,22/09/2016,39,0,
Wete,Fundo,Kimeleani,22/09/2016,9,0,
Wete,Fundo,Mpesi ngezi,22/09/2016,4,0,
Wete,Gando,Gando,21/09/2016,29,0,
Wete,Jadida,Bubujiko,22/09/2016,7,0,
Wete,Jadida,Jadida,21/09/2016,25,0,
Wete,Jadida,Uchozini,28/09/2016,1,0,
Wete,Junguni,Junguni,21/09/2016,7,0,
Wete,Kiuyu Minungwini,K/minungwini,19/09/2016,6,0,
Wete,Kambini,Kambini,20/09/2016,12,0,
Wete,Kangagani,Kangagani,19/09/2016,6,0,
Wete,Kinyasini,Kinyasini,22/09/2016,14,0,
Wete,Kinyikani,Kinyikani,20/09/2016,32,0,
Wete,Kisiwani,Kisiwani,19/09/2016,22,0,
Wete,Kiungoni,Kiungoni,21/09/2016,20,0,
Wete,Kiuyu Kigongoni,Kigongoni,19/09/2016,13,0,
Wete,Kizimbani,Kizimbani,21/09/2016,16,0,
Wete,Limbani,K/kai,23/09/2016,4,0,
Wete,Limbani,Limbani,23/09/2016,33,0,
Wete,Limbani,Tungamaa,21/09/2016,15,0,
Wete,Maziwani,Mwane,20/09/2016,6,0,
Wete,Mtambwe Kaskazini,Chanjaani,27/09/2016,18,0,
Wete,Mtambwe Kaskazini,Kiapaka,20/09/2016,13,0,
Wete,Mtambwe Kaskazini,Uondwe,20/09/2016,74,0,
Wete,Mtambwe Kusini,Daya,28/09/2016,6,0,
Wete,Mtambwe Kusini,Kichungwani,20/09/2016,2,0,
Wete,Mtambwe Kusini,Kivumoni,20/09/2016,1,0,
Wete,Mtambwe Kusini,Mitambuuni,20/09/2016,4,0,
Wete,Mtambwe Kusini,Sengenya,28/09/2016,15,0,
Wete,Mzambarau Takao,Mzambarau-Takao,19/09/2016,18,0,
Wete,Pandani,Pandani,20/09/2016,19,0,
Wete,Pembeni,Pembeni,21/09/2016,15,0,
Wete,Piki,Piki,21/09/2016,38,0,
Wete,Selemu,Kitutia,21/09/2016,4,0,
Wete,Shengejuu,Shengejuu,21/09/2016,8,0,
Wete,Ukunjwi,Mgogoni,22/09/2016,21,0,
Wete,Ukunjwi,ukunjwi,22/09/2016,32,0,
Wete,Utaani,Chasasa,21/09/2016,4,0,
Wete,Mlindo,Jirambe,28/09/2016,3,0,
Wete,Mlindo,Mlindongala,29/10/2016,22,0,
Chakechake,Chanjaani,Chanjaani,14/09/2016,2,0,
Chakechake,Chanjaani,Matuleni,14/09/2016,6,1,
Chakechake,Chanjaani,Zaire,14/09/2016,7,1,
Chakechake,Chonga,Chanoni,19/09/2016,1,0,
Chakechake,Chonga,Kipapo,19/09/2016,2,0,
Chakechake,Dodo,Kitokame,15/09/2016,1,0,
Chakechake,Dodo,Mtamani,14/09/2016,8,1,
Chakechake,Kibokoni,Kibokoni,18/09/2016,3,0,
Chakechake,Kibokoni,Kisiwani,18/09/2016,2,0,
Chakechake,Kibokoni,Matungu,18/09/2016,10,1,
Chakechake,Kilindi,Kitundwini,19/09/2016,2,0,
Chakechake,Kwale,M/ kwale,15/09/2016,1,0,
Chakechake,Madungu,B.taka,19/09/2016,2,0,
Chakechake,Madungu,Msingini,19/09/2016,6,1,
Chakechake,Matale,Chanjamjawiri,15/09/2016,2,0,
Chakechake,Matale,Chuchuu,15/09/2016,2,0,
Chakechake,Matale,Jojo,14/09/2016,7,1,
Chakechake,Matale,Kibirinzi-chanjamjawiri,19/09/2016,2,0,
Chakechake,Matale,Limani,14/09/2016,1,0,
Chakechake,Matale,Matale,14/09/2016,3,0,
Chakechake,Matale,Mwine,15/09/2016,3,0,
Chakechake,Mbuzini,Mbuzini,15/09/2016,3,0,
Chakechake,Mchangamrima,Makumbi,15/09/2016,3,0,
Chakechake,Mchangamrima,Mchangamrima,15/09/2016,5,1,
Chakechake,Mfikiwa,Kilimahodi,15/09/2016,5,1,
Chakechake,Mfikiwa,Kilimni,15/09/2016,2,0,
Chakechake,Mgogoni,Mgogoni,14/09/2016,10,1,
Chakechake,Mjini Ole,Mjini-Ole,15/09/2016,7,1,
Chakechake,Ng'ambwa,Dutani,19/09/2016,1,0,
Chakechake,Ng'ambwa,Fupingo,19/09/2016,1,0,
Chakechake,Ng'ambwa,Kenya,19/09/2016,2,0,
Chakechake,Ng'ambwa,Magome,19/09/2016,2,0,
Chakechake,Ng'ambwa,Simambili,15/09/2016,5,1,
Chakechake,Ng'ambwa,Vikunguni,19/09/2016,2,0,
Chakechake,Ole,Dodo,15/09/2016,3,0,
Chakechake,Ole,Jonwe,18/09/2016,4,0,
Chakechake,Ole,Kanambe,15/09/2016,5,1,
Chakechake,Ole,Kianga,15/09/2016,3,0,
Chakechake,Ole,Muhogoni,15/09/2016,6,1,
Chakechake,Ole,Niapi,15/09/2016,2,0,
Chakechake,Tibirinzi,Pondeani,14/09/2016,8,1,
Chakechake,Tibirinzi,Tibirinzi,14/09/2016,8,1,
Chakechake,Uwandani,Uwandani,18/09/2016,1,0,
Chakechake,Vitongoji,Changuo,14/09/2016,3,0,
Chakechake,Vitongoji,Kiwaa,14/09/2016,1,0,
Chakechake,Vitongoji,Malkindi,14/09/2016,1,0,
Chakechake,Vitongoji,Mchangani,14/09/2016,2,0,
Chakechake,Vitongoji,Mkungu,14/09/2016,9,1,
Chakechake,Vitongoji,Udusini,14/09/2016,2,0,
Chakechake,Vitongoji,Vijijini,15/09/2016,2,0,
Chakechake,Vitongoji,Vitongoji school,18/09/2016,1,0,
Chakechake,Vitongoji,Vumba,14/09/2016,1,0,
Chakechake,Wawi,Dr. Omar,14/09/2016,6,1,
Chakechake,Wawi,F. castro,18/09/2016,6,1,
Chakechake,Wawi,Kupingo,15/09/2016,1,0,
Chakechake,Wawi,Kwa Gerei,15/09/2016,6,1,
Chakechake,Wawi,Mbuni,15/09/2016,6,1,
Chakechake,Wawi,Mirereni,15/09/2016,3,0,
Chakechake,Wawi,Mkadini,14/09/2016,1,0,
Chakechake,Wawi,Msikiti kibegi,14/09/2016,4,0,
Chakechake,Wawi,Mtemani,14/09/2016,5,1,
Chakechake,Wawi,"Tawi la '' C.U.F""",14/09/2016,4,0,
Chakechake,Wawi,Ujinga,14/09/2016,3,0,
Chakechake,Wawi,Wawi,14/09/2016,3,0,
Chakechake,Wesha,Jamvini,14/09/2016,7,1,
Chakechake,Wesha,Wesha,14/09/2016,6,1,
Chakechake,Ziwani,Welezo,14/09/2016,4,0,
Chakechake,Ziwani,Ziwani,15/09/2016,2,0,
Mkoani,Chambani,Chakalakati,23/09/2016,4,2,
Mkoani,Chambani,Dongoni,21/09/2016,3,0,
Mkoani,Chambani,Ging'ingi,21/09/2016,3,2,
Mkoani,Chambani,Mafuweni,21/09/2016,5,2,
Mkoani,Chambani,Mapape,21/09/2016,12,0,
Mkoani,Chambani,Mwambeni,21/09/2016,0,1,
Mkoani,Chambani,Tondooni,23/09/2016,5,0,
Mkoani,Chambani,Tumbini,21/09/2016,19,3,
Mkoani,Changaweni,Changaweni,22/09/2016,7,0,
Mkoani,Changaweni,Giriama,22/09/2016,13,0,
Mkoani,Chokocho,Chamboni,22/09/2016,10,1,
Mkoani,Chokocho,Kandarani,22/09/2016,5,4,
Mkoani,Chokocho,Kiwandamali,22/09/2016,2,1,
Mkoani,Chokocho,Kizumkwe,22/09/2016,9,0,
Mkoani,Chokocho,Mabatini,22/09/2016,2,0,
Mkoani,Chokocho,Ulenge,22/09/2016,3,4,
Mkoani,Chumbageni,Kunani,22/09/2016,12,0,
Mkoani,Chumbageni,Sinong'one,22/09/2016,9,0,
Mkoani,Chumbageni,Zawadini,22/09/2016,8,0,
Mkoani,Jombwe,Eneani,21/09/2016,2,0,
Mkoani,Jombwe,Mvumoni,21/09/2016,2,0,
Mkoani,Kangani,Jemele,22/09/2016,6,0,
Mkoani,Kangani,Kizimbani,22/09/2016,3,0,
Mkoani,Kangani,Shukeni,22/09/2016,29,6,
Mkoani,Kendwa,Faidini,22/09/2016,7,2,
Mkoani,Kendwa,Kumbini,22/09/2016,4,0,
Mkoani,Kendwa,Mtoni ,22/09/2016,1,0,
Mkoani,Kendwa,Nanguji,22/09/2016,0,2,
Mkoani,Kengeja ,Chole,24/09/2016,5,0,
Mkoani,Kengeja ,Jonju,21/09/2016,1,5,
Mkoani,Kengeja ,Kaani,21/09/2016,1,0,
Mkoani,Kengeja ,Kiwandani,21/09/2016,3,2,
Mkoani,Kengeja ,Likoni,21/09/2016,9,0,
Mkoani,Kengeja ,Majenzi,21/09/2016,2,0,
Mkoani,Kengeja ,Mapungwi,21/09/2016,10,0,
Mkoani,Kengeja ,Maumbwini,21/09/2016,2,2,
Mkoani,Kengeja ,Mazrui,24/09/2016,4,1,
Mkoani,Kengeja ,Mbuni,21/09/2016,7,0,
Mkoani,Kengeja ,Mijafarini,24/09/2016,3,0,
Mkoani,Kengeja ,Njiweni,21/09/2016,5,3,
Mkoani,Kengeja ,Sokoni,24/09/2016,4,0,
Mkoani,Kengeja ,Usiambini,21/09/2016,2,0,
Mkoani,Kiwani,Bomani,22/09/2016,2,0,
Mkoani,Kiwani,Mbuyuni,22/09/2016,11,0,
Mkoani,Kukuu,Kukuu,21/09/2016,14,0,
Mkoani,Kukuu,Mulika,21/09/2016,7,0,
Mkoani,Makombeni,Mdodoni,22/09/2016,9,0,
Mkoani,Mbuguani,Kionwa,22/09/2016,12,0,
Mkoani,Mbuguani,Tironi,22/09/2016,6,3,
Mkoani,Mbuyuni,Chokaani,23/09/2016,11,0,
Mkoani,Mgagadu,Njia ya Kiwani,23/09/2016,9,0,
Mkoani,Mgagadu,Shimola ndizi,23/09/2016,9,0,
Mkoani,Michenzani,Magombani,22/09/2016,9,0,
Mkoani,Michenzani,Shangini,22/09/2016,0,4,
Mkoani,Minazini,Mtangani,21/09/2016,3,0,
Mkoani,Mizingani,Jungani,22/09/2016,6,0,
Mkoani,Mizingani,Mumuone,22/09/2016,11,0,
Mkoani,Mjimbini,Kibweni,21/09/2016,5,0,
Mkoani,Mjimbini,Kigogoni,21/09/2016,12,0,
Mkoani,Mjimbini,Kilimandege,21/09/2016,4,0,
Mkoani,Mjimbini,Mabluu,21/09/2016,2,0,
Mkoani,Mjimbini,Mchangani,21/09/2016,3,0,
Mkoani,Mjimbini,Mipirani,21/09/2016,3,0,
Mkoani,Mjimbini,Mjimbini,22/09/2016,14,4,
Mkoani,Mkanyageni,Mtemani,23/09/2016,0,1,
Mkoani,Mkanyageni,Ngomani,21/09/2016,2,0,
Mkoani,Mkanyageni,Tasini,21/09/2016,14,0,
Mkoani,Mkungu,Kirimdomo,24/09/2016,3,0,
Mkoani,Mkungu,Kwamboga,22/09/2016,11,1,
Mkoani,Mkungu,Mahuduthi,24/09/2016,7,0,
Mkoani,Mkungu,Mkinduni,24/09/2016,2,0,
Mkoani,Mkungu,Mtomkuu,24/09/2016,6,0,
Mkoani,Mtambile,Jonza,22/09/2016,14,0,
Mkoani,Mtambile,Kichunjuu,22/09/2016,15,4,
Mkoani,Mtangani,Kichaka,21/09/2016,2,0,
Mkoani,Mtangani,Mihogoni,21/09/2016,1,0,
Mkoani,Mtangani,Minazini,21/09/2016,4,0,
Mkoani,Mtangani,Ndaambani,21/09/2016,1,0,
Mkoani,Mwambe,Bwegeza,21/09/2016,10,0,
Mkoani,Mwambe,Mchakwe,21/09/2016,2,0,
Mkoani,Ng'ombeni,Jondeni,21/09/2016,5,0,
Mkoani,Ng'ombeni,Mpikatango,21/09/2016,4,0,
Mkoani,Ngwachani,Kinazini,21/09/2016,6,0,
Mkoani,Ngwachani,Mtong'ombe,21/09/2016,14,0,
Mkoani,Ngwachani,Tangaani,21/09/2016,66,5,
Mkoani,Shidi,Mwambani,21/09/2016,6,0,
Mkoani,Stahabu,Kilimani,22/09/2016,21,4,
Mkoani,Stahabu,Kizungu,23/09/2016,6,0,
Mkoani,Stahabu,Mtakuja,22/09/2016,1,0,
Mkoani,Ukutini,Kijungu,21/09/2016,2,0,
Mkoani,Ukutini,Miamboni,21/09/2016,2,0,
Mkoani,Uweleni,Kiguuni,22/09/2016,2,0,
Mkoani,Uweleni,Kisimafasiki,22/09/2016,4,0,
Mkoani,Wambaa,Kutukuu,22/09/2016,3,0,
Mkoani,Wambaa,Msiyakwe,22/09/2016,7,0,
Mkoani,Wambaa,Ziwani,22/09/2016,3,0,
Mkoani,Mkanyageni,Tasini,1/8/2019,1,0,1
Mkoani,Mkanyageni,Tasini,1/8/2019,9,0,9
Mkoani,Mkanyageni,Tasini,1/8/2019,8,0,8
Mkoani,Mkanyageni,Tasini,1/8/2019,1,1,1
Mkoani,Mkanyangeni,Mkanyangeni,1/8/2019,5,0,6
Mkoani,Mkanyangeni,Mkanyangeni,1/8/2019,0,0,6
Mkoani,Michenzani,Mkanyangeni,1/8/2019,6,0,6
Mkoani,Ng'ombeni,Mkanyangeni,1/8/2019,5,0,5
Mkoani,Stahabu,Kilimani,6/8/2019,9,0,9
Mkoani,Stahabu,Kilimani,6/8/2019,3,0,3
Mkoani,Stahabu,Kilimani,6/8/2019,2,0,2
Mkoani,Stahabu,Kizungu,6/8/2019,0,0,7
Mkoani,Stahabu,Kizungu,6/8/2019,0,0,0
Mkoani,Stahabu,Kizungu,6/8/2019,8,0,8
Mkoani,Shibu,Mwambani,6/8/2019,4,0,12
Mkoani,Kendwa,Daaman,29/07/2019,2,0,2
Mkoani,Kendwa,Kendwa,29/07/2019,6,0,6
Mkoani,Kendwa,Kendwa,29/07/2019,2,0,2
Mkoani,Kendwa,Kumbi,29/07/2019,1,0,2
Mkoani,Kendwa,Kumbi,29/07/2019,3,0,2
Mkoani,Kendwa,Mtoni,29/07/2019,3,0,4
Mkoani,Kendwa,Tomondo,29/07/2019,2,0,3
Mkoani,Uweleni,Mk/Mjini,29/07/2019,4,0,4
Mkoani,Uweleni,Mvumokiti,29/07/2019,1,0,1
Mkoani,Mbuguani,Mbuguani,29/07/2019,2,2,2
Mkoani,Mbuguani,Mbuguani,29/07/2019,1,1,1
Mkoani,Mbuguani,Mikweni,29/07/2019,1,0,1
Mkoani,Mbuguani,Mikweni,29/07/2019,1,1,1
Mkoani,Mbuguani,Tironi,29/07/2019,6,0,6
Mkoani,Mbuguani,Tironi,29/07/2019,1,1,1
Mkoani,Mbuguani,Kionwa,29/07/2019,6,0,6
Mkoani,Mbuguani,Kionwa,29/07/2019,1,1,1
Mkoani,Mbuguani,Mikweni,29/07/2019,1,0,1
Mkoani,Mgagadu,Kilimni,29/07/2019,1,0,1
Mkoani,Mgagadu,Mgagadu,29/07/2019,1,0,1
Mkoani,Mizingani,Mizingani,29/07/2019,7,0,7
Mkoani,Mizingani,Jungani,29/07/2019,2,0,2
Mkoani,Mizingani,Zawadini,29/07/2019,2,0,2
Mkoani,Mizingani,Jungani,29/07/2019,2,0,2
Mkoani,Mizingani,Jungani,29/07/2019,2,0,3
Mkoani,Mizingani,Jungani,29/07/2019,4,0,4
Mkoani,Mizingani,Jungani,29/07/2019,1,0,1
Mkoani,Mizingani,Mizingani,29/07/2019,6,0,6
Mkoani,Mizingani,Zawadini,29/07/2019,1,0,1
Mkoani,Dodo,Kichanjaani,29/07/2019,1,0,2
Mkoani,Dodo,Mjanapweza,29/07/2019,2,0,2
Mkoani,Dodo,Mjanapweza,29/07/2019,1,0,1
Mkoani,Dodo,Kitokamwe,29/07/2019,2,0,2
Mkoani,Dodo,Kitokamwe,29/07/2019,1,0,1
Mkoani,Dodo,Kitokamwe,29/07/2019,2,0,2
Mkoani,Dodo,Kitokamwe,29/07/2019,2,0,2
Mkoani,Mtangani,Minazini,29/07/2019,3,0,3
Mkoani,Mtangani,Kiziwa,29/07/2019,2,0,2
Mkoani,Mtangani,Kiziwa,29/07/2019,2,0,2
Mkoani,Chambani,Gingingi,29/07/2019,5,0,5
Mkoani,Chambani,Tumbini,29/07/2019,4,0,4
Mkoani,Chambani,Tumbini,29/07/2019,1,0,1
Mkoani,Chambani,Tumbini,29/07/2019,1,0,1
Mkoani,Chambani,Tumbini,29/07/2019,1,0,1
Mkoani,Chambani,Dongoni,29/07/2019,2,0,2
Mkoani,Chambani,Tumbini,29/07/2019,1,0,1
Mkoani,Chambani,Tumbini,29/07/2019,1,0,1
Mkoani,Chambani,Tumbini,29/07/2019,3,0,3
Mkoani,Chambani,Mapape,29/07/2019,3,0,3
Mkoani,Chambani,Mapape,29/07/2019,0,0,3
Mkoani,Chambani,Mapape,29/07/2019,0,0,0
Mkoani,Chambani,Kiwajingoo,29/07/2019,1,0,1
Mkoani,Ukutini,Vikombeni,29/07/2019,1,0,1
Mkoani,Ukutini,Vikombeni,29/07/2019,1,0,1
Mkoani,Ukutini,Kwamtora,29/07/2019,1,0,1
Mkoani,Kiwani,Kitondooni,29/07/2019,10,0,11
Mkoani,Kiwani,Kitondooni,29/07/2019,1,0,1
Mkoani,Ukutini,Kwamtoro,29/07/2019,1,0,1
Mkoani,Ukutini,Kwamtoro,29/07/2019,4,0,4
Mkoani,Chole,Mapungwi,29/07/2019,9,0,9
Mkoani,Mtambile,Muwanda,30/07/2019,2,0,3
Mkoani,Mtambile,Angola,30/07/2019,2,0,2
Mkoani,Mtambile,Muwanda,30/07/2019,1,0,1
Mkoani,Mtambile,Pondeani,30/07/2019,1,0,1
Mkoani,Mchakwe,Kiunga,30/07/2019,3,0,3
Mkoani,Mchakwe,Mwambe,30/07/2019,1,0,1
Mkoani,Mchakwe,Tomondo,30/07/2019,4,0,4
Mkoani,Mkungu,Kwamgogo,30/07/2019,1,0,1
Mkoani,Mkungu,Kwamgogo,30/07/2019,1,0,2
Mkoani,Mkungu,Kwamgogo,30/07/2019,1,0,1
Mkoani,Mkungu,Kwamgogo,30/07/2019,1,0,3
Mkoani,Mkungu,Kwamgogo,30/07/2019,3,0,8
Mkoani,Mkungu,Sipwese,30/07/2019,5,0,6
Mkoani,Mkungu,Mahuduthi,30/07/2019,2,0,3
Mkoani,Kengeja,Kaani,30/07/2019,2,0,3
Mkoani,Kengeja,Likoni,30/07/2019,8,0,8
Mkoani,Kengeja,Sokoni,30/07/2019,4,0,4
Mkoani,Kengeja,Maumbiwni,30/07/2019,1,0,1
Mkoani,Kengeja,Mjiweni,30/07/2019,4,0,4
Mkoani,Kengeja,Mjiweni,30/07/2019,1,0,2
Mkoani,Kengeja,Mjiweni,30/07/2019,4,0,3
Mkoani,Kengeja,Mjanaeza,30/07/2019,4,0,5
Mkoani,Kengeja,Mazrui,30/07/2019,3,0,3
Mkoani,Kengeja,Mazrui,30/07/2019,1,0,4
Mkoani,Kengeja,Njiweni,30/07/2019,1,0,1
Mkoani,Kengeja,Mjiweni,30/07/2019,1,0,1
Mkoani,Ngwachani,Mtengombe,30/07/2019,9,0,9
Mkoani,Ngwachani,Ngwachani,30/07/2019,3,0,3
Mkoani,Ngwachani,Sokoni,30/07/2019,0,0,4
Mkoani,Ngwachani,Magogoni,30/07/2019,2,0,2
Mkoani,Ngwachani,Magogoni,30/07/2019,1,0,1
Mkoani,Ngwachani,Mikindani,30/07/2019,1,0,1
Mkoani,Ngwachani,Ng'ombeni,30/07/2019,3,0,3
Mkoani,Mwambe,Mvumoni,30/07/2019,2,0,2
Mkoani,Mwambe,Dogogo,30/07/2019,1,0,1
Mkoani,Chumbageni,Sisimizini,30/07/2019,1,0,1
Mkoani,Chumbageni,Sisimizini,30/07/2019,2,0,8
Mkoani,Chumbageni,Tumbi,30/07/2019,3,0,5
Mkoani,Chumbageni,Tumbi,30/07/2019,2,0,8
Mkoani,Chumbageni,Ndikoni,30/07/2019,0,0,8
Mkoani,Chumbageni,Vndogoni,30/07/2019,8,0,4
Mkoani,Chumbageni,Mperani,30/07/2019,3,0,3
Mkoani,Chumbageni,Tumbi,30/07/2019,1,0,4
Mkoani,Minazini,Mgelema,30/07/2019,3,0,3
Mkoani,Minazini,Mikinduni,30/07/2019,1,0,2
Mkoani,Minazini,Kivumoni,30/07/2019,1,0,1
Mkoani,Minazini,Mtemani,30/07/2019,1,0,2
Mkoani,Minazini,Mtemani,30/07/2019,2,0,2
Mkoani,Minazini,Mtemani,30/07/2019,1,0,1
Mkoani,Minazini,Minazini,30/07/2019,1,0,1
Mkoani,Kendwa,Bandar basi,30/07/2019,2,0,2
Mkoani,Kendwa,Kwa bakia,30/07/2019,1,0,1
Mkoani,Mgagadu,Mgagadu,30/07/2019,1,0,1
Mkoani,Ng'ombeni,Jondeni,31/07/2019,2,0,2
Mkoani,Ng'ombeni,Mkirikili,31/07/2019,6,0,10
Mkoani,Ng'ombeni,Mkirikili,31/07/2019,1,0,1
Mkoani,Ng'ombeni,Kinyasini,31/07/2019,1,0,1
Mkoani,Makombeni,Tasini,31/07/2019,1,0,3
Mkoani,Kangani,Pondeani,31/07/2019,1,0,1
Mkoani,Kangani,Tarabora,31/07/2019,2,0,2
Mkoani,Kangani,Nchikichini,31/07/2019,4,0,4
Mkoani,Kangani,Tanga,31/07/2019,4,0,5
Mkoani,Changaweni,Meli tatu,31/07/2019,1,0,1
Mkoani,Changaweni,Meli tatu,31/07/2019,3,0,3
Mkoani,Mjimbini,Mibrani,31/07/2019,1,0,4
Mkoani,Mjimbini,Mibrani,31/07/2019,2,0,3
Mkoani,Mjimbini,Mibrani,31/07/2019,1,0,1
Mkoani,Mjimbini,Shukeni,31/07/2019,1,0,1
Mkoani,Mjimbini,Shukeni,31/07/2019,4,0,5
Mkoani,Mjimbini,Shukeni,31/07/2019,1,0,1
Mkoani,Mjimbini,Shukeni,31/07/2019,1,0,1
Mkoani,Mjimbini,Mjimbini,31/07/2019,2,0,2
Mkoani,Mjimbini,Usambe,31/07/2019,1,0,1
Mkoani,Mjimbini,Usambe,31/07/2019,1,0,1
Mkoani,Mjimbini,Usambe,31/07/2019,3,0,3
Mkoani,Mjimbini,Mjimbini,31/07/2019,1,0,1
Mkoani,Mjimbini,Sazani,31/07/2019,1,0,4
Mkoani,Chokocho,Kifukwe,31/07/2019,1,0,2
Mkoani,Chokocho,Kifukwe,31/07/2019,1,0,1
Mkoani,Chokocho,Kifukwe,31/07/2019,1,0,1
Mkoani,Chokocho,Kifukwe,31/07/2019,2,0,3
Mkoani,Chokocho,Kifukwe,31/07/2019,1,0,1
Mkoani,Chokocho,Kifukwe,31/07/2019,4,0,4
Mkoani,Chokocho,Kandaani,31/07/2019,2,0,2
Mkoani,Chokocho,Mabatini,31/07/2019,3,0,3
Mkoani,Chokocho,Ulenge,31/07/2019,4,0,4
Mkoani,Chokocho,Ulenge,31/07/2019,6,0,6
Chakechake,Ole,Ole,29/07/2019,2,0,2
Chakechake,Ole,Kianga,29/07/2019,2,0,2
Chakechake,Ole,Ole Muhugoni,29/07/2019,2,0,2
Chakechake,Ole,Ole Muhugoni,29/07/2019,3,0,3
Chakechake,Ole,Simaungwe,29/07/2019,4,0,4
Chakechake,Ole,Ole Muhugoni,29/07/2019,4,0,5
Chakechake,Ole,Mbuzini Skuli,29/07/2019,5,0,5
Chakechake,Ole,Kiuyu Minungwini,29/07/2019,4,0,4
Chakechake,Ole,Kianga,29/07/2019,3,0,4
Chakechake,Ole,Ole Mbuyuni,29/07/2019,4,0,6
Chakechake,Ole,Mchangamrima,29/07/2019,1,0,3
Chakechake,Ole,Kianga,29/07/2019,2,0,3
Chakechake,Ole,Ole Muhugoni,29/07/2019,2,0,3
Chakechake,Ole,Jonwe,29/07/2019,5,0,5
Chakechake,Ole,Ole Muhugoni,29/07/2019,1,0,1
Chakechake,Ole,Jonwe,29/07/2019,2,0,2
Chakechake,Ole,Jonwe,29/07/2019,7,0,7
Chakechake,Ole,Ole Mbuyuni,29/07/2019,,0,3
Chakechake,Ziwani,Mchangamrima,29/07/2019,1,0,1
Chakechake,Ziwani,Mchangamrima,29/07/2019,1,0,1
Chakechake,Ziwani,Ziwani,29/07/2019,1,0,1
Chakechake,Ziwani,Ziwani,29/07/2019,6,0,6
Chakechake,Ziwani,Ziwani sokoni,29/07/2019,1,0,1
Chakechake,Ziwani,Welezo,29/07/2019,5,0,5
Chakechake,Ziwani,Welezo,29/07/2019,3,0,3
Chakechake,Ziwani,Welezo,29/07/2019,4,0,4
Chakechake,Ziwani,Welezo,29/07/2019,2,0,2
Chakechake,Ziwani,Welezo,29/07/2019,3,0,3
Chakechake,Ziwani,Welezo,29/07/2019,3,0,3
Chakechake,Ziwani,Mchengwe,29/07/2019,1,0,2
Chakechake,Ziwani,Mchangani,29/07/2019,2,0,2
Chakechake,Ziwani,Mchangani,29/07/2019,1,0,1
Chakechake,Ziwani,Pembeni,29/07/2019,4,0,4
Chakechake,Ziwani,Welezo,29/07/2019,1,0,1
Chakechake,Uwandani,Uwandani,29/07/2019,5,0,5
Chakechake,Uwandani,Uwandani,29/07/2019,10,0,10
Chakechake,Uwandani,Uwandani,29/07/2019,3,0,3
Chakechake,Uwandani,Uwandani,29/07/2019,1,0,1
Chakechake,Uwandani,Uwandani,29/07/2019,3,0,3
Chakechake,Uwandani,Uwandani,29/07/2019,1,0,1
Chakechake,Uwandani,Uwandani,29/07/2019,4,0,4
Chakechake,Uwandani,Uwandani,29/07/2019,1,0,1
Chakechake,Uwandani,Uwandani,29/07/2019,1,0,1
Chakechake,Uwandani,Makaani,29/07/2019,1,0,4
Chakechake,Uwandani,Makaani,29/07/2019,3,0,3
Chakechake,Vitongoji,Kiwaa,29/07/2019,4,0,4
Chakechake,Vitongoji,Mchangani,29/07/2019,1,0,1
Chakechake,Vitongoji,Kiwaa,29/07/2019,3,0,3
Chakechake,Vitongoji,Mchangani,29/07/2019,2,0,2
Chakechake,Vitongoji,Changuo,29/07/2019,4,0,4
Chakechake,Vitongoji,Mchangani,29/07/2019,1,0,1
Chakechake,Vitongoji,Mchangani,29/07/2019,2,0,2
Chakechake,Vitongoji,Vumba,29/07/2019,4,0,4
Chakechake,Vitongoji,Vumba,29/07/2019,5,0,5
Chakechake,Vitongoji,Vumba,29/07/2019,3,0,3
Chakechake,Vitongoji,Mchangani,29/07/2019,7,0,7
Chakechake,Vitongoji,Mchangani,29/07/2019,1,0,1
Chakechake,Vitongoji,Mchangani,29/07/2019,6,0,6
Chakechake,Vitongoji,Mchangani,29/07/2019,5,0,5
Chakechake,Vitongoji,Vumba,29/07/2019,4,0,8
Chakechake,Mbuzini,Mbuzini,29/07/2019,11,0,11
Chakechake,Mbuzini,Mbuzini,29/07/2019,13,0,14
Chakechake,Mbuzini,Mbuzini,29/07/2019,5,0,5
Chakechake,Mbuzini,Mbuzini,29/07/2019,2,0,2
Chakechake,Mbuzini,Mbuzini,29/07/2019,3,0,3
Chakechake,Kipangani,Kipangani,29/07/2019,2,0,2
Chakechake,Kipangani,Kipangani,29/07/2019,9,0,9
Chakechake,Mjini Ole,Makaani,29/07/2019,1,0,1
Chakechake,Mjini Ole,Ole Mbuyuni,29/07/2019,3,0,3
Chakechake,Mjini Ole,Mjini Ole,29/07/2019,4,0,4
Chakechake,Mjini Ole,Kangagani,29/07/2019,4,0,4
Chakechake,Mjini Ole,Mjini Kiuyu,29/07/2019,9,0,9
Chakechake,Kibokoni,Makaani,29/07/2019,11,0,11
Chakechake,Kibokoni,Makaani,29/07/2019,2,0,2
Chakechake,Kibokoni,Mawasilano,29/07/2019,12,0,12
Chakechake,Kibokoni,Kisiwani,29/07/2019,8,0,8
Chakechake,Kibokoni,Kisiwani,29/07/2019,2,0,2
Chakechake,Shungi,Chanjamjawiri,30/07/2019,7,0,7
Chakechake,Shungi,Vikokotoni,30/07/2019,1,0,1
Chakechake,Shungi,Vikokotoni,30/07/2019,1,0,1
Chakechake,Shungi,Vikokotoni,30/07/2019,4,0,4
Chakechake,Shungi,Vikokotoni,30/07/2019,6,0,6
Chakechake,Shungi,Vikokotoni,30/07/2019,2,0,2
Chakechake,Shungi,Vikokotoni,30/07/2019,1,0,1
Chakechake,Shungi,Vikokotoni,30/07/2019,2,0,2
Chakechake,Shungi,Vikokotoni,30/07/2019,3,0,3
Chakechake,Shungi,Kichangani,30/07/2019,1,0,1
Chakechake,Shungi,Shungi,30/07/2019,2,0,2
Chakechake,Shungi,Shungi,30/07/2019,1,0,2
Chakechake,Shungi,Shungi,30/07/2019,2,0,2
Chakechake,Shungi,Shungi,30/07/2019,1,0,1
Chakechake,Shungi,Shungi,30/07/2019,2,0,2
Chakechake,Kilindi,Chanjamjawiri,30/07/2019,1,0,1
Chakechake,Kilindi,Kuungeni,30/07/2019,4,0,4
Chakechake,Kilindi,Msooni,30/07/2019,10,0,10
Chakechake,Kilindi,Papani,30/07/2019,2,0,2
Chakechake,Kilindi,Tundaua,30/07/2019,1,0,1
Chakechake,Kilindi,Tundaua,30/07/2019,2,0,4
Chakechake,Kilindi,Ostabee,30/07/2019,1,0,2
Chakechake,Kilindi,Ostabee,30/07/2019,1,0,4
Chakechake,Kilindi,chanini,30/07/2019,2,0,3
Chakechake,Kilindi,Chanoni,30/07/2019,2,0,3
Chakechake,Kilindi,Meli tano,30/07/2019,0,0,0
Chakechake,Matale,Limani,30/07/2019,3,0,3
Chakechake,Matale,Mjawiri,30/07/2019,1,0,1
Chakechake,Matale,Limani,30/07/2019,5,0,5
Chakechake,Matale,Limani,30/07/2019,2,0,2
Chakechake,Matale,Limani,30/07/2019,4,0,4
Chakechake,Matale,Limani,30/07/2019,3,0,4
Chakechake,Matale,Limani,30/07/2019,1,0,1
Chakechake,Matale,Limani,30/07/2019,1,0,1
Chakechake,Matale,Limani,30/07/2019,3,0,3
Chakechake,Matale,Limani,30/07/2019,3,0,3
Chakechake,Matale,Limani,30/07/2019,3,0,3
Chakechake,Matale,Limani,30/07/2019,3,0,3
Chakechake,Matale,Limani,30/07/2019,2,0,2
Chakechake,Matale,Limani,30/07/2019,3,0,3
Chakechake,Matale,Matale,30/07/2019,8,0,8
Chakechake,Mvumoni,Furaha,30/07/2019,6,0,6
Chakechake,Mvumoni,Furaha,30/07/2019,2,0,2
Chakechake,Mvumoni,Furaha,30/07/2019,5,0,5
Chakechake,Mvumoni,Furaha,30/07/2019,6,0,6
Chakechake,Mvumoni,Mfikiwa,30/07/2019,1,0,1
Chakechake,Mvumoni,Limanda,30/07/2019,5,0,5
Chakechake,Chanjaani,Kizomwe,30/07/2019,1,0,1
Chakechake,Chanjaani,Madungu,30/07/2019,3,0,3
Chakechake,Chanjaani,Gongomawe,30/07/2019,6,0,6
Chakechake,Chanjaani,Goboma,30/07/2019,5,0,5
Chakechake,Chanjaani,Gongomawe,30/07/2019,1,0,1
Chakechake,Chanjaani,Mpendae,30/07/2019,1,0,1
Chakechake,Chanjaani,Kilimni,30/07/2019,2,0,2
Chakechake,Chanjaani,Kilimni,30/07/2019,2,0,6
Chakechake,Chanjaani,Kilimni,30/07/2019,4,0,4
Chakechake,Mgogoni,Mgogoni,30/07/2019,10,0,10
Chakechake,Mgogoni,Mgogoni,30/07/2019,15,0,15
Chakechake,Mgogoni,Mgogoni,30/07/2019,4,0,6
Chakechake,Mgogoni,Mgogoni,30/07/2019,3,0,3
Chakechake,Mgogoni,Kichangani,30/07/2019,1,0,1
Chakechake,Mgogoni,Kichangani,30/07/2019,2,0,2
Chakechake,Chonga,Changa,30/07/2019,5,0,5
Chakechake,Chonga,Changa,30/07/2019,2,0,2
Chakechake,Chonga,Changa,30/07/2019,,0,
Chakechake,Madungu,Madungu,30/07/2019,4,0,4
Chakechake,Madungu,Madungu,30/07/2019,4,0,4
Chakechake,Madungu,Police Madung,30/07/2019,3,0,3
Chakechake,Madungu,Fueni,30/07/2019,1,0,1
Chakechake,Kichungwani,Kichungwani,30/07/2019,2,0,2
Chakechake,Kichungwani,Banda taka,30/07/2019,1,0,1
Chakechake,Vitongoji,Udusini,31/07/2019,3,0,3
Chakechake,Vitongoji,Vumba,31/07/2019,3,0,3
Chakechake,Vitongoji,Chuo cha Ufundi,31/07/2019,1,0,1
Chakechake,Vitongoji,Vumba,31/07/2019,6,0,6
Chakechake,Ndagoni,Ngagu,31/07/2019,5,0,5
Chakechake,Ndagoni,Depu,31/07/2019,5,0,5
Chakechake,Ndagoni,Buyuni,31/07/2019,5,0,5
Chakechake,Tibirinzi,Pondeani,31/07/2019,5,0,5
Chakechake,Tibirinzi,Pondeani,31/07/2019,16,0,16
Chakechake,Tibirinzi,Pondeani,31/07/2019,2,0,2
Chakechake,Tibirinzi,Pondeani,31/07/2019,3,0,3
Chakechake,Tibirinzi,Kisiwani,31/07/2019,1,0,1
Chakechake,Tibirinzi,Muharitani,31/07/2019,2,0,2
Chakechake,Tibirinzi,Muharitani,31/07/2019,2,0,2
Chakechake,Tibirinzi,Michakaeni,31/07/2019,1,0,1
Chakechake,Tibirinzi,Muharitani,31/07/2019,2,0,5
Chakechake,Tibirinzi,Muharitani,31/07/2019,4,0,4
Chakechake,Tibirinzi,Muharitani,31/07/2019,2,0,4
Chakechake,Tibirinzi,Tibirinzi,31/07/2019,1,0,1
Chakechake,Tibirinzi,Ngomahazingwa,31/07/2019,3,0,3
Chakechake,Tibirinzi,Kisiwani,31/07/2019,6,0,6
Chakechake,Wesha,Kaole,31/07/2019,1,0,1
Chakechake,Wesha,Kaole,31/07/2019,2,0,2
Chakechake,Wesha,Mchochani,31/07/2019,3,0,3
Chakechake,Wesha,Hemani,31/07/2019,2,0,3
Chakechake,Wesha,Wesha Hospt,31/07/2019,3,0,3
Chakechake,Wesha,Wesha Hospt,31/07/2019,1,0,1
Chakechake,Wesha,Tondooni,31/07/2019,2,0,2
Chakechake,Wesha,Tondooni,31/07/2019,1,0,1
Chakechake,Wesha,Kijangwani,31/07/2019,2,0,2
Chakechake,Wesha,Kijangwani,31/07/2019,2,0,2
Chakechake,Wesha,Makaange,31/07/2019,2,0,2
Chakechake,Wesha,rambwe,31/07/2019,1,0,1
Chakechake,Ng'ambwa,Ng'ambwa,31/07/2019,6,0,6
Chakechake,Ng'ambwa,Ng'ambwa,31/07/2019,4,0,4
Chakechake,Ng'ambwa,Ng'ambwa,31/07/2019,4,0,4
Chakechake,Ng'ambwa,Vikunguni,31/07/2019,2,0,2
Chakechake,Ng'ambwa,Vikunguni,31/07/2019,2,0,2
Chakechake,Ng'ambwa,Vikunguni,31/07/2019,5,0,5
Chakechake,Ng'ambwa,Vikunguni,31/07/2019,1,0,1
Chakechake,Ng'ambwa,Vikunguni,31/07/2019,3,0,3
Chakechake,Ng'ambwa,Vikunguni,31/07/2019,3,0,3
Chakechake,Kwale,Kwale,31/07/2019,1,0,1
Chakechake,Kwale,Kwale,31/07/2019,1,0,1
Chakechake,Kwale,Kwale,31/07/2019,9,0,9
Chakechake,Kwale,Ng'ambwa,31/07/2019,2,0,2
Chakechake,Wawi,Mbuni,1/8/2019,1,0,1
Chakechake,Wawi,Mbuni,1/8/2019,1,0,2
Chakechake,Wawi,Mererani,1/8/2019,7,0,7
Chakechake,Wawi,Batini,1/8/2019,8,0,8
Chakechake,Wawi,Msikiti wabati,1/8/2019,1,0,1
Chakechake,Wawi,Mangala,1/8/2019,3,0,3
Chakechake,Wawi,Vila,1/8/2019,4,0,4
Chakechake,Wawi,Magome,1/8/2019,2,0,2
Chakechake,Wawi,Mwanamanja,1/8/2019,7,0,7
Chakechake,Wawi,Banda maji,1/8/2019,1,0,1
Chakechake,Wawi,Mtakata,1/8/2019,2,0,2
Chakechake,Wawi,Mtakata,1/8/2019,1,0,1
Chakechake,Wawi,Mtemani,1/8/2019,1,0,1
Chakechake,Wawi,Mtemani,1/8/2019,4,0,4
Chakechake,Wawi,Mtemani,1/8/2019,3,0,3
Chakechake,Wawi,Wawi Branch,1/8/2019,3,0,3
Chakechake,Wawi,Mtega,1/8/2019,5,0,5
Chakechake,Wawi,Mtega,1/8/2019,1,0,1
Chakechake,Wawi,Kwa gereg,1/8/2019,3,0,3
Chakechake,Wawi,Kwa gereg,1/8/2019,1,0,1
Chakechake,Wawi,Makonyo,1/8/2019,2,0,2
Chakechake,Wawi,Fidel Catro,1/8/2019,2,0,2
Chakechake,Wawi,Ditia ,1/8/2019,1,0,1
Chakechake,Wawi,mtemani,1/8/2019,3,0,3
Chakechake,Wara,Mkadini,1/8/2019,2,0,2
Chakechake,Wara,Mkadini,1/8/2019,2,0,2
Chakechake,Wara,Mkadini,1/8/2019,1,0,2
Chakechake,Wara,Fletini,1/8/2019,2,0,2
Chakechake,Msingini,Mtoni,1/8/2019,5,0,5
Chakechake,Msingini,Mtoni,1/8/2019,4,0,4
Chakechake,Msingini,Shamiani,1/8/2019,2,0,2
Chakechake,Msingini,Mtoni,1/8/2019,1,0,1
Chakechake,Msingini,Mtoni,1/8/2019,4,0,4
Chakechake,Msingini,Mtoni,1/8/2019,1,0,1
Chakechake,Msingini,Mtoni,1/8/2019,1,0,1
Chakechake,Msingini,Mtoni,1/8/2019,1,0,1
Chakechake,Mkoroshoni,Dira,1/8/2019,1,0,1
Chakechake,Kibirinzi,Kisiwani,1/8/2019,5,0,5
Chakechake,Vitongoji,Vumba,2/8/2019,1,0,1
Chakechake,Vitongoji,Vumba,2/8/2019,1,0,1
Chakechake,Vitongoji,Vumba,2/8/2019,1,0,1
Chakechake,Vitongoji,Vumba,2/8/2019,1,0,1
Chakechake,Pujini,Mto wa mawe,2/8/2019,5,0,5
Chakechake,Pujini,Mtamani,2/8/2019,4,0,4
Chakechake,Matale,Chanjamjawiri,7/8/2019,1,0,1
Chakechake,Matale,Matale,7/8/2019,3,0,3
Chakechake,Matale,Matale,7/8/2019,5,0,6
Chakechake,Matale,Mwine,7/8/2019,1,0,1
Chakechake,Matale,Mwine,7/8/2019,4,0,6
Micheweni,Sizini,Kwapengo,5/8/2019,5,0,7
Micheweni,Sizini,sizini,5/8/2019,0,0,2
Micheweni,Sizini,Kibondeni,5/8/2019,3,2,5
Micheweni,Konde,Chanjaani,5/8/2019,8,0,8
Micheweni,Konde,Kwa mchina,5/8/2019,2,0,2
Micheweni,Konde,Konde Ujinga,5/8/2019,7,0,7
Micheweni,Konde,Dutani,5/8/2019,6,0,7
Micheweni,Konde,Dutani,5/8/2019,4,0,5
Micheweni,Konde,Chanjaani,5/8/2019,1,0,1
Micheweni,Kifundi,Kiuyu Kipangani,5/8/2019,5,0,5
Micheweni,Kifundi,Kiuyu Kipangani,5/8/2019,3,0,5
Micheweni,Kifundi,Kiuyu Kipangani,5/8/2019,1,0,1
Micheweni,Kifundi,Mijileni,5/8/2019,2,0,2
Micheweni,Kifundi,Mijileni,5/8/2019,1,0,1
Micheweni,Kifundi,Pogwa,5/8/2019,1,1,1
Micheweni,Kifundi,Pogwa,5/8/2019,0,1,0
Micheweni,Kifundi,Pogwa,5/8/2019,1,0,3
Micheweni,Kifundi,Matangatuani,5/8/2019,0,0,1
Micheweni,Kifundi,Kifundi,5/8/2019,1,1,1
Micheweni,Kifundi,Kifundi,5/8/2019,2,0,2
Micheweni,Kifundi,mshashani,5/8/2019,1,0,4
Micheweni,Kifundi,Kipangani Kiuy,5/8/2019,4,0,6
Micheweni,Kifundi,Kipangani Kiuy,5/8/2019,4,0,8
Micheweni,Kifundi,Kibatini,5/8/2019,1,0,2
Micheweni,Tumbe Mashariki,,5/8/2019,0,0,4
Micheweni,Tumbe Mashariki,T.Mashariki,5/8/2019,12,0,12
Micheweni,Tumbe Mashariki,T.Magharibi,5/8/2019,11,0,11
Micheweni,Kipange,K/Manda,5/8/2019,1,0,1
Micheweni,Kipange,K/Manda,5/8/2019,2,0,2
Micheweni,Kipange,K/Manda,5/8/2019,1,0,1
Micheweni,Kipange,K/Manda,5/8/2019,1,0,1
Micheweni,Kipange,K/Manda,5/8/2019,2,0,2
Micheweni,Kipange,K/Manda,5/8/2019,2,0,2
Micheweni,Kipange,K/Manda,5/8/2019,5,0,5
Micheweni,Kipange,Chonja,5/8/2019,6,0,6
Micheweni,Kipange,Kipange,5/8/2019,9,0,11
Micheweni,Kipange,Kipange,5/8/2019,3,0,3
Micheweni,Micheweni,Micheweni,5/8/2019,2,0,2
Micheweni,Micheweni,Micheweni,5/8/2019,1,0,4
Micheweni,Micheweni,Micheweni,5/8/2019,2,0,4
Micheweni,Micheweni,Micheweni,5/8/2019,2,0,4
Micheweni,Micheweni,Micheweni,5/8/2019,3,0,5
Micheweni,Micheweni,Micheweni,5/8/2019,1,0,1
Micheweni,Kinowe,Kinowe,6/8/2019,2,0,5
Micheweni,Kinowe,Mwanambale,6/8/2019,4,0,6
Micheweni,Kinowe,Mwanambale,6/8/2019,0,0,2
Micheweni,Kinowe,Chanjaani,6/8/2019,0,0,6
Micheweni,Kinowe,Kinowe,6/8/2019,2,2,2
Micheweni,Kinowe,Kinowe,6/8/2019,1,1,1
Micheweni,Shumba Mjini,Shumba Mjini,6/8/2019,1,0,7
Micheweni,Shumba Mjini,Shumba Mjini,6/8/2019,0,0,1
Micheweni,Shumba Mjini,Shumba Mjini,6/8/2019,5,0,5
Micheweni,Shumba Mjini,Shumba Mjini,6/8/2019,3,0,3
Micheweni,Shumba Mjini,Shumba Mjini,6/8/2019,4,0,4
Micheweni,Shumba Mjini,Sebundwa,6/8/2019,0,0,4
Micheweni,Shumba Mjini,Sebundwa,6/8/2019,0,0,3
Micheweni,Shumba Mjini,Chupwe,6/8/2019,0,0,5
Micheweni,Chimba,Chimba,6/8/2019,2,0,2
Micheweni,Chimba,Chimba,6/8/2019,5,0,5
Micheweni,Chimba,Bule,6/8/2019,2,0,2
Micheweni,Chimba,Chimba,6/8/2019,2,0,2
Micheweni,Msuka Magharibi,Chnajaani,6/8/2019,2,2,3
Micheweni,Msuka Magharibi,Chanjaani,6/8/2019,0,2,0
Micheweni,Msuka Magharibi,Sijuu,6/8/2019,5,0,5
Micheweni,Msuka Magharibi,Ntongwe,6/8/2019,1,0,2
Micheweni,Msuka Magharibi,Msuka,6/8/2019,5,0,5
Micheweni,Msuka Magharibi,Taponi,6/8/2019,6,0,6
Micheweni,Msuka Magharibi,Mtongwe,6/8/2019,1,0,1
Micheweni,Msuka Mashariki,Kigongo,6/8/2019,4,0,4
Micheweni,Msuka Mashariki,Kigongo,6/8/2019,4,0,4
Micheweni,Msuka Mashariki,Kigongo,6/8/2019,6,0,6
Micheweni,Mapofu,Ruwi,6/8/2019,2,0,3
Micheweni,Mapofu,Kinazini,6/8/2019,1,0,1
Micheweni,Mapofu,Kinazini,6/8/2019,0,0,2
Micheweni,Mapofu,Mapofu,6/8/2019,1,0,1
Micheweni,Mapofu,Mapofu,6/8/2019,6,0,11
Micheweni,Mapofu,Mapofu,6/8/2019,1,0,1
Micheweni,Mapofu,Kilindini,6/8/2019,6,3,6
Micheweni,Msuka Magharibi,Mtoni,6/8/2019,2,0,2
Micheweni,Makangale,Mishelini,7/8/2019,5,0,5
Micheweni,Makangale,Pemba Paradise,7/8/2019,1,0,2
Micheweni,Makangale,Swhaihil Dver,7/8/2019,0,0,1
Micheweni,Makangale,Jiwe moja,7/8/2019,2,0,2
Micheweni,Makangale,Mishelini,7/8/2019,1,0,1
Micheweni,Makangale,Mishelini,7/8/2019,1,0,1
Micheweni,Makangale,Mishelini,7/8/2019,3,0,4
Micheweni,Makangale,Sokoni,7/8/2019,4,0,4
Micheweni,Makangale,Mkwasa,7/8/2019,1,0,2
Micheweni,Makangale,Upembani,7/8/2019,4,0,4
Micheweni,Makangale,Upembani,7/8/2019,0,0,1
Micheweni,Makangale,Makangale,7/8/2019,0,0,9
Micheweni,Maziwa Ng'ombe,kiuyu,7/8/2019,4,0,4
Micheweni,Maziwa Ng'ombe,kiuyu,7/8/2019,4,0,4
Micheweni,Maziwa Ng'ombe,kiuyu,7/8/2019,3,0,4
Micheweni,Maziwa Ng'ombe,kiuyu,7/8/2019,0,0,3
Micheweni,Maziwa Ng'ombe,Ma. Ngombe,7/8/2019,2,0,2
Micheweni,Maziwa Ng'ombe,Ma. Ngombe,7/8/2019,2,0,2
Micheweni,Tondooni,Makangale,7/8/2019,2,0,4
Micheweni,Tondooni,Makangale,7/8/2019,2,0,3
Micheweni,Wingwi Mtemani,Mtemani,7/8/2019,2,0,2
Micheweni,Wingwi Mtemani,Mtemani,7/8/2019,3,0,5
Micheweni,Wingwi Njuguni,Michungani,7/8/2019,6,0,7
Micheweni,Shumba Viamboni,Uwondwe,8/8/2019,2,0,2
Micheweni,Tondooni,Tondooni,8/8/2019,1,0,5
Micheweni,Tondooni,Tondooni,8/8/2019,2,0,2
Micheweni,Tondooni,Tondooni,8/8/2019,2,0,2
Micheweni,Tondooni,Tondooni,8/8/2019,1,0,2
Micheweni,Makangale,Kwa Wamanga,8/8/2019,2,0,2
Micheweni,Makangale,Minarani,8/8/2019,2,0,2
Wete,Kipangani,Kipangani Chini,20/08/2019,3,2,3
Wete,Selemu,Kitutia,20/08/2019,1,0,1
Wete,Selemu,Selemu,20/08/2019,3,0,3
Wete,Bopwe,Bopwe,20/08/2019,7,0,10
Wete,Bopwe,Zaire,20/08/2019,5,0,5
Wete,Jadida,Ndovu,20/08/2019,0,0,3
Wete,Jadida,Chasas,20/08/2019,3,0,3
Wete,Mtambwe Kaskazini,Mchangani,20/08/2019,3,0,3
Wete,Mtambwe Kaskazini,ukunguni,20/08/2019,3,0,3
Wete,Mtambwe Kaskazini,ukunguni,20/08/2019,2,0,2
Wete,Mtambwe Kaskazini,Mchangani,20/08/2019,1,0,1
Wete,Mtambwe Kaskazini,Mpakanjia,20/08/2019,2,0,2
Wete,Mtambwe Kaskazini,Miembe Miziz,20/08/2019,6,0,6
Wete,Mtambwe Kaskazini,Kinyasini,20/08/2019,1,0,1
Wete,Mtambwe Kaskazini,Kele,20/08/2019,7,0,7
Wete,Mtambwe Kaskazini,Kele,20/08/2019,1,0,1
Wete,Mtambwe Kaskazini,Mt. Mkuu,20/08/2019,2,0,2
Wete,Mtambwe Kaskazini,Jambaji,20/08/2019,4,0,4
Wete,Mtambwe Kaskazini,Nyali,20/08/2019,3,0,3
Wete,Mtambwe Kaskazini,Nyali,20/08/2019,2,0,2
Wete,Mtambwe Kaskazini,Mchangani,20/08/2019,1,0,1
Wete,Mtambwe Kaskazini,Nyali,20/08/2019,1,0,1
Wete,Mtambwe Kaskazini,Uwondwe,20/08/2019,3,0,3
Wete,Mtambwe Kaskazini,Kwa Nuhu,20/08/2019,1,0,1
Wete,Mtambwe Kaskazini,Mpakanjia,20/08/2019,3,0,3
Wete,Mtambwe Kaskazini,Jambaji,20/08/2019,7,0,7
Wete,Mtambwe Kaskazini,Jambaji,20/08/2019,2,0,2
Wete,Mtambwe Kaskazini,Jambaji,20/08/2019,2,0,2
Wete,Mtambwe Kaskazini,Kidundo,20/08/2019,7,0,7
Wete,Mtambwe Kaskazini,Kidundo,20/08/2019,1,0,1
Wete,Mtambwe Kaskazini,Kidundo,20/08/2019,1,0,1
Wete,Mtambwe Kaskazini,Jambaji,20/08/2019,1,0,1
Wete,Mtambwe Kaskazini,Jambaji,20/08/2019,0,0,2
Wete,Mtambwe Kaskazini,Keche,20/08/2019,1,0,2
Wete,Mtambwe Kaskazini,Uwondwe Hosp,20/08/2019,2,0,2
Wete,Mtambwe Kaskazini,Mpakanjia,20/08/2019,1,0,1
Wete,Mtambwe Kaskazini,Mpakanjia,20/08/2019,1,0,1
Wete,Mtambwe Kaskazini,Mpakanjia,20/08/2019,0,0,2
Wete,Mtambwe Kaskazini,Mpakanjia,20/08/2019,1,0,6
Wete,Mtambwe Kaskazini,Mpakanjia,20/08/2019,2,0,2
Wete,Mtambwe Kaskazini,Mkunguni,20/08/2019,0,0,6
Wete,Mtambwe Kaskazini,Mchangani,20/08/2019,5,0,5
Wete,Mtambwe Kaskazini,Mpakanjia,20/08/2019,2,0,1
Wete,Mtambwe Kaskazini,Mpakanjia,20/08/2019,0,0,1
Wete,Mtambwe Kusini,Kinazini,20/08/2019,1,0,1
Wete,Mtambwe Kusini,Kinazini,20/08/2019,1,0,1
Wete,Mtambwe Kusini,Kinazini,20/08/2019,0,0,1
Wete,Mtambwe Kusini,Kivumoni,20/08/2019,0,0,1
Wete,Mtambwe Kusini,Bwagamoyo,20/08/2019,3,0,4
Wete,Limbani,Limbani,20/08/2019,0,0,3
Wete,Limbani,Limbani,20/08/2019,3,0,3
Wete,Limbani,Limbani,20/08/2019,3,0,3
Wete,Limbani,Mikindani,20/08/2019,0,0,1
Wete,Limbani,Mikindani,20/08/2019,1,0,2
Wete,Limbani,Mikindani,20/08/2019,0,0,2
Wete,Limbani,Mikindani,20/08/2019,1,0,1
Wete,Limbani,Muhimbili,20/08/2019,0,0,3
Wete,Limbani,Weni,20/08/2019,0,0,2
Wete,Utaani,Utaani,20/08/2019,3,0,3
Wete,Kizimbani,Baghani,20/08/2019,2,0,5
Wete,Kizimbani,Kizimbani,20/08/2019,4,0,4
Wete,Kizimbani,Uzunguni,20/08/2019,1,0,1
Wete,Kizimbani,Uzunguni,20/08/2019,2,0,2
Wete,Kizimbani,K.skuli,20/08/2019,2,0,2
Wete,Gando,Chokaani,20/08/2019,2,0,2
Wete,Gando,Chokaani,20/08/2019,0,0,4
Wete,Gando,Madenjani,20/08/2019,3,0,3
Wete,Gando,Bagamoyo,20/08/2019,3,0,3
Wete,Gando,Sokoni,20/08/2019,4,0,4
Wete,Gando,Junguni,20/08/2019,0,0,6
Wete,Gando,Mabandani,20/08/2019,10,0,10
Wete,Gando,Raha,20/08/2019,5,0,8
Wete,Gando,Kiwenga,20/08/2019,0,0,2
Wete,Pandani,Kilimni,20/08/2019,2,0,2
Wete,Pandani,Kilimni,20/08/2019,2,0,2
Wete,Pandani,Mvimbe,20/08/2019,7,0,7
Wete,Pandani,Mvimbe,20/08/2019,10,0,10
Wete,Pandani,Mvimbe,20/08/2019,1,0,1
Wete,Pandani,Kwamwewe,20/08/2019,7,0,7
Wete,Pandani,Mlindo,20/08/2019,4,0,4
Wete,Pandani,Mtemani,20/08/2019,4,0,4
Wete,Pandani,Masipa,20/08/2019,5,0,5
Wete,Pandani,Pandani,20/08/2019,1,0,1
Wete,Finya,Finya,21/08/2019,3,0,6
Wete,Finya,Finya,21/08/2019,3,0,3
Wete,Finya,Finya,21/08/2019,3,0,7
Wete,Finya,Finya,21/08/2019,3,0,4
Wete,Finya,Finya,21/08/2019,2,0,3
Wete,Finya,Finya,21/08/2019,0,0,4
Wete,Finya,Finya,21/08/2019,8,0,8
Wete,Finya,Selemu Finya,21/08/2019,1,0,1
Wete,Finya,Baharen,21/08/2019,1,0,1
Wete,Finya,Baharen,21/08/2019,3,0,3
Wete,Mlindo,Mlindo,21/08/2019,4,0,4
Wete,Mlindo,Mlindo,21/08/2019,9,0,10
Wete,Mlindo,Mlindo,21/08/2019,0,0,6
Wete,Mlindo,Mtakuja,21/08/2019,0,0,1
Wete,Mlindo,Mtakuja,21/08/2019,0,0,1
Wete,Mlindo,Kiungoni,21/08/2019,3,0,3
Wete,Mlindo,Jenga yako,21/08/2019,6,0,6
Wete,Mlindo,King Kimango,21/08/2019,0,0,5
Wete,Mlindo,King Kimango,21/08/2019,0,0,3
Wete,Mlindo,King Kimango,21/08/2019,0,0,4
Wete,Mlindo,King Kimango,21/08/2019,0,0,2
Wete,Mlindo,King Kimango,21/08/2019,0,0,3
Wete,Kinyasini,Ranguni,21/08/2019,2,0,5
Wete,Kinyasini,Taifu,21/08/2019,0,0,5
Wete,Kinyasini,Taifu,21/08/2019,2,0,3
Wete,Kinyasini,Makundeni,21/08/2019,3,0,4
Wete,Kinyasini,Kinyasini,21/08/2019,4,0,4
Wete,Kinyasini,Kinyasini,21/08/2019,0,0,3
Wete,Kinyasini,Mikarafuun,21/08/2019,0,0,1
Wete,Kinyasini,Bungala,21/08/2019,2,0,3
Wete,Mgogoni,Mgogoni,21/08/2019,2,0,2
Wete,Mgogoni,Mgogoni,21/08/2019,2,0,2
Wete,Mgogoni,Mgogoni,21/08/2019,3,0,3
Wete,Chwale,Madenjani,21/08/2019,1,0,1
Wete,Chwale,Mwane,21/08/2019,4,0,4
Wete,Chwale,Kigawani,21/08/2019,7,0,7
Wete,Chwale,Mchangani,21/08/2019,7,0,7
Wete,Chwale,Masota,21/08/2019,4,0,4
Wete,Chwale,Sokoni,21/08/2019,2,0,2
Wete,Chwale,Mwane,21/08/2019,5,0,6
Wete,Chwale,Rige,21/08/2019,4,0,4
Wete,Piki,Tundwa,21/08/2019,3,0,3
Wete,Piki,Tundwa,21/08/2019,3,0,3
Wete,Piki,Tundwa,21/08/2019,3,0,3
Wete,Piki,Tundwa,21/08/2019,2,0,2
Wete,Piki,Tundwa,21/08/2019,0,0,0
Wete,Piki,Tundwa,21/08/2019,0,0,0
Wete,Piki,Tundwa,21/08/2019,0,0,0
Wete,Piki,Piki,21/08/2019,2,0,2
Wete,Piki,Tandavili,21/08/2019,7,0,10
Wete,Piki,Bwagamoyo,21/08/2019,2,0,2
Wete,Mzambarauni,Krosini,21/08/2019,2,0,2
Wete,Mzambarauni,Machengwe,21/08/2019,2,0,2
Wete,Pembeni,Pembeni,21/08/2019,4,0,4
Wete,Pembeni,Pembeni,21/08/2019,2,0,2
Wete,Pembeni,Pembeni,21/08/2019,3,0,3
Wete,Pembeni,Pembeni,21/08/2019,8,0,8
Wete,Pembeni,Pembeni,21/08/2019,2,0,2
Wete,Pembeni,Pembeni,21/08/2019,2,0,2
Wete,Shengejuu,Shengejuu,22/08/2019,6,0,6
Wete,Shengejuu,Shengejuu,22/08/2019,3,0,4
Wete,Shengejuu,Pembeni,22/08/2019,1,0,2
Wete,Kangagani,Kangagani,22/08/2019,5,0,5
Wete,Kiuyu Kigongoni,Mjini Kiuyu,22/08/2019,6,0,6
Wete,Kiuyu Kigongoni,Kigongoni,22/08/2019,2,0,2
Wete,Kiuyu Kigongoni,Minungwini,22/08/2019,0,0,2
Wete,Kiuyu Kigongoni,Tondooni,22/08/2019,0,0,3
Wete,Kiuyu Kigongoni,Minungwini,22/08/2019,0,0,8
Wete,Kojani,Mji Mpya,22/08/2019,0,0,3
Wete,Kojani,Shule Mpya,22/08/2019,1,0,1
Wete,Mpambani,Mpambani,22/08/2019,1,0,2
Wete,Mpambani,Mpambani,22/08/2019,6,0,6
Wete,Kambini,Bondeni,22/08/2019,0,0,1
Wete,Kambini,Bondeni,22/08/2019,5,0,7
Wete,Maziwani,Kiguweni,22/08/2019,2,0,2
Wete,Maziwani,Ukonga,22/08/2019,1,0,1
Wete,Kisiwani,M.Moja,22/08/2019,4,0,5
Wete,Kisiwani,Kisiwani,22/08/2019,6,0,6
Wete,Kisiwani,Kisiwani,22/08/2019,1,0,1
Wete,Kisiwani,Kisiwani,22/08/2019,4,0,5
Wete,Kinyakani,Kinyikani,22/08/2019,3,0,4
Wete,Kinyakani,Kinyikani,22/08/2019,1,0,1
Wete,Kinyakani,Kinyikani,22/08/2019,4,0,4
Wete,Kinyakani,Kichakani,22/08/2019,4,0,4
Wete,Kinyakani,Hindi,22/08/2019,3,0,3
Wete,Kinyakani,Hindi,22/08/2019,2,0,2
Wete,Kiungoni,Kiungoni,23/08/2019,5,0,5
Wete,Kiungoni,Kiungoni,23/08/2019,4,0,4
Wete,Kiungoni,Kiungoni,23/08/2019,5,0,5
Wete,Mjananza,Mjananza,23/08/2019,6,0,6
Wete,Mjananza,Kilimni,23/08/2019,3,0,3
Wete,Ukunjwi,Chanjaani,23/08/2019,3,0,4
Wete,Ukunjwi,Chanjaani,23/08/2019,0,0,6
Wete,Ukunjwi,Chanjaani,23/08/2019,0,0,1
Wete,Ukunjwi,Ukunjwi,23/08/2019,3,0,3
Wete,Ukunjwi,Ukunjwi,23/08/2019,2,0,2
Wete,Ukunjwi,Ukunjwi,23/08/2019,2,0,4
Wete,Ukunjwi,Ukunjwi,23/08/2019,2,0,4
Wete,Ukunjwi,Chozi,23/08/2019,4,0,4
Wete,Ukunjwi,Ukunjwi,23/08/2019,0,0,2
Wete,Ukunjwi,Ukunjwi,23/08/2019,0,0,1
Wete,Ukunjwi,Ukunjwi,23/08/2019,5,0,5
Wete,Ukunjwi,Lawa lawa,23/08/2019,1,0,1
Wete,Mzambarauni,Machengwe,23/08/2019,2,0,3
Wete,Mzambarauni,M. Takao,23/08/2019,2,0,3
Wete,Fundo,Fundo Mabaani,24/08/2019,1,0,1
Wete,Fundo,Fundo Ndooni,24/08/2019,1,0,1
Wete,Fundo,Fundo Ndooni,24/08/2019,6,0,8
Wete,Fundo,Fundo Ndooni,24/08/2019,1,0,1
Wete,Fundo,Fundo Ndooni,24/08/2019,3,0,3
Wete,Fundo,Fundo Ndooni,24/08/2019,1,0,1
Wete,Fundo,Fundo Ndooni,24/08/2019,3,0,3
Wete,Fundo,Kimeleani,24/08/2019,3,0,4
Wete,Fundo,Kimeleani,24/08/2019,1,0,3
Wete,Fundo,Kimeleani,24/08/2019,1,0,3
Wete,Fundo,Fundo Ndooni,24/08/2019,1,0,1
Wete,Fundo,Ngadu,24/08/2019,3,0,3
Wete,Fundo,Ngadu,24/08/2019,1,0,1
Wete,Fundo,Ngadu,24/08/2019,6,0,6
Wete,Fundo,Ngadu,24/08/2019,1,0,1
Wete,Fundo,Ngadu,24/08/2019,1,0,1
Wete,Fundo,Ngadu,24/08/2019,3,0,3
Mkoani,Minazini,,8/1/2010,6,0,0
Mkoani,Jombwe,,8/1/2010,7,0,0
Mkoani,Chole,,9/1/2010,6,0,0
Mkoani,Dodo,,9/1/2010,11,0,0
Mkoani,Mwambe,,9/1/2010,9,0,0
Mkoani,Makombeni,,10/1/2010,5,0,0
Mkoani,Ukutini,,10/1/2010,3,0,0
Mkoani,Stahabu,,11/1/2010,8,0,0
Mkoani,Michenzani,,8/1/2010,6,0,0
Mkoani,Mjimbini,,9/1/2010,10,0,0
Mkoani,Mkanyageni,,9/1/2010,7,0,0
Mkoani,Ngwachani,,10/1/2010,13,0,0
Mkoani,Kangani,,11/1/2010,8,0,0
Mkoani,Mizingani,,11/1/2010,12,0,0
Mkoani,Chumbageni,,9/1/2010,13,0,0
Mkoani,Kengeja,,9/1/2010,15,0,0
Chakechake,Kibokoni,,9/1/2010,9,0,0
Chakechake,Pujini,,10/1/2010,7,0,0
Chakechake,Wesha,,8/1/2010,8,0,0
Chakechake,Ngambwa,,8/1/2010,8,0,0
Chakechake,Dodo,,8/1/2010,10,0,0
Chakechake,Kichungwani,,8/1/2010,14,0,0
Chakechake,Mvumoni,,8/1/2010,13,0,0
Chakechake,Chanjaani,,8/1/2010,15,0,0
Chakechake,Matale,,9/1/2010,37,0,0
Chakechake,Mjini ole,,9/1/2010,9,0,0
Chakechake,Mchanga mrima,,9/1/2010,9,0,0
Chakechake,Ole,,9/1/2010,24,0,0
Chakechake,Uwandani,,9/1/2010,12,0,0
Chakechake,Chonga,,9/1/2010,13,0,0
Chakechake,Mgogoni,,11/1/2010,18,0,0
Chakechake,Vitongoji,,11/1/2010,15,0,0
Chakechake,Ng'ambwa,,11/1/2010,14,0,0
Chakechake,Ndagoni,,9/1/2010,16,0,0
Chakechake,Wawi,,9/1/2010,40,0,0
Chakechake,Ziwani,,9/1/2010,22,0,0
Micheweni,Tumbe Magharibi,,9/1/2010,21,0,0
Micheweni,Muhogoni,,11/1/2010,8,0,0
Micheweni,Wingwi Mapofu,,9/1/2010,10,0,0
Micheweni,Kipange,,10/1/2010,7,0,0
Micheweni,Konde,,10/1/2010,14,0,0
Wete,Gando,,9/1/2010,16,0,0
Wete,Kinyasini,,9/1/2010,11,0,0
Wete,Mtambwe Kaskazini,,9/1/2010,25,0,0
Wete,Kisiwani,,10/1/2010,9,0,0
Wete,Mlindo,,10/1/2010,12,0,0
Wete,Piki,,9/1/2010,13,0,0
Wete,Mgogoni,,9/1/2010,18,0,0
Wete,Finya,,10/1/2010,12,0,0
Wete,Limbani,,10/1/2010,10,0,0
Wete,Pandani,,11/1/2010,18,0,0
Wete,Shengejuu,,10/1/2010,12,0,0
Wete,Mzambarau Takao,,10/1/2010,11,0,0
Wete,Junguni,,11/1/2010,18,0,0
Wete,Fundo,,11/1/2010,8,0,0
